Date,Tests,Positives,Hospitalized,ICU,Deaths,New Cases,Age 0-9,Age 10-19,Age 40-49,Age 50-59,Age 60-69,Age 70-79,Age 80+,Age Unknow,Age 20-29,Gender Female,Gender Male,Gender Unknown,Age 30-39,New Tests,Rolling Average Percentage of Positive Cases Among Tests (14 day period) 
2020-03-25,"5,055",341,69,31,3,58,3,3,61,53,26,25,14,1,66,134,207,0,89,"1,087",8.12235
2020-03-26,"6,078",417,85,38,5,76,3,4,73,65,31,29,20,2,84,166,249,1,106,"1,023",8.21392533
2020-03-27,"6,854",488,96,42,7,71,3,5,85,74,36,38,25,2,102,206,280,2,118,776,8.25849621
2020-03-28,"8,129",519,106,47,7,31,4,6,90,79,37,39,26,1,107,219,298,2,130,"1,275",7.11815562
2020-03-29,"8,816",603,118,51,7,84,4,6,105,91,52,45,29,2,121,256,345,2,148,687,7.4454091
2020-03-30,"10,354",734,136,56,9,131,5,7,130,116,74,49,34,1,144,317,414,3,174,"1,538",7.5041141
2020-03-31,"11,343",849,158,65,11,115,6,8,154,125,93,62,41,3,163,380,461,8,194,989,7.87872744
2020-04-01,"13,950",966,181,70,16,117,8,9,170,149,108,71,45,3,187,439,514,13,216,"2,606",7.17373899
2020-04-02,"15,831","1,112",211,85,17,146,10,12,192,177,136,88,55,6,198,519,585,8,238,"1,882",7.2018218
2020-04-03,"16,856","1,209",228,89,18,97,10,14,212,202,152,91,64,4,209,570,630,9,251,"1,025",7.28109984
2020-04-04,"17,663","1,326",249,94,19,117,10,15,237,222,162,99,66,3,226,609,710,7,286,807,7.88508965
2020-04-05,"18,490","1,404",269,102,19,78,10,15,254,235,172,109,71,3,235,657,739,8,300,827,7.83359294
2020-04-06,"20,336","1,454",289,109,31,50,10,16,259,255,190,115,79,2,240,701,747,6,288,"1,846",7.24276908
2020-04-07,"21,178","1,530",316,122,36,76,10,16,268,278,201,123,86,3,244,737,785,8,301,842,7.24578733
2020-04-08,"22,098","1,628",348,132,40,98,10,20,283,293,224,131,90,2,255,790,832,6,320,920,7.55148741
2020-04-09,"23,353","1,693",374,140,44,65,10,21,292,305,235,137,92,2,264,821,867,5,335,"1,255",7.38639653
2020-04-10,"24,430","1,761",396,144,45,68,10,22,304,318,245,143,104,2,270,853,902,6,343,"1,077",7.24283113
2020-04-11,"25,234","1,804",415,152,45,43,10,22,312,328,250,145,109,3,273,877,922,5,352,804,7.51242327
2020-04-12,"26,132","1,847",420,156,47,43,11,23,320,338,255,146,113,3,279,905,937,5,359,898,7.18410718
2020-04-13,"27,048","1,930",450,164,53,83,12,24,339,352,265,155,121,3,292,954,971,5,367,919,7.16296341
2020-04-14,"27,884","2,012",488,173,60,82,12,32,350,367,275,160,124,3,308,989,"1,017",6,381,836,7.02973888
2020-04-15,"29,132","2,087",507,181,63,75,12,34,362,383,286,163,129,3,316,"1,034","1,047",6,399,"1,248",7.38179903
2020-04-16,"30,246","2,158",524,181,70,71,13,35,373,404,297,166,131,4,327,"1,073","1,081",4,408,"1,114",7.25482036
2020-04-17,"31,639","2,213",537,187,71,55,16,38,381,418,302,167,135,4,340,"1,099","1,110",4,412,"1,393",6.79020695
2020-04-18,"32,594","2,268",552,188,71,55,17,39,389,429,312,173,138,4,344,"1,124","1,140",4,423,955,6.30775412
2020-04-19,"33,904","2,325",562,189,72,57,17,43,398,438,318,178,144,4,354,"1,149","1,172",4,431,"1,310",5.97392489
2020-04-20,"34,920","2,434",592,199,87,109,18,46,420,459,329,186,151,4,370,"1,185","1,243",6,451,"1,016",6.71831082
2020-04-21,"36,464","2,491",611,206,96,57,19,47,427,473,334,191,154,4,378,"1,214","1,271",6,464,"1,514",6.29792254
2020-04-22,"38,689","2,643",634,213,100,152,21,51,452,506,344,200,179,4,398,"1,284","1,355",4,488,"2,255",6.11666868
2020-04-23,"41,811","2,826",658,218,102,183,22,52,496,545,364,210,185,3,422,"1,377","1,445",4,527,"3,122",6.13726234
2020-04-24,"43,638","2,943",683,225,111,117,22,54,515,576,376,213,191,3,438,"1,445","1,494",4,555,"1,826",6.15304529
2020-04-25,"44,935","3,043",696,227,111,100,23,57,528,598,393,231,195,3,449,"1,489","1,551",3,566,"1,297",6.28838248
2020-04-26,"45,758","3,141",706,230,113,98,24,65,537,609,397,233,199,3,472,"1,537","1,601",3,602,823,6.59262278
2020-04-27,"48,303","3,314",733,238,118,173,26,74,576,632,414,247,215,3,498,"1,618","1,691",5,629,"2,545",6.51171544
2020-04-28,"50,271","3,432",761,241,120,118,26,81,598,649,431,259,224,3,519,"1,673","1,754",5,642,"1,966",6.34381701
2020-04-29,"52,574","3,564",773,244,124,132,27,89,617,665,445,266,232,4,548,"1,747","1,811",6,671,"2,303",6.30146337
2020-04-30,"55,199","3,711",792,150,134,147,29,96,634,694,464,271,245,3,576,"1,826","1,878",7,699,"2,625",6.2244489
2020-05-01,"57,601","3,842",811,259,138,131,31,101,655,722,476,281,254,3,603,"1,882","1,951",9,716,"2,402",6.27528025
2020-05-02,"59,878","3,927",828,266,139,85,34,107,663,739,494,286,257,3,612,"1,927","1,993",7,732,"2,277",6.08115538
2020-05-03,"61,171","4,020",842,271,144,93,39,112,677,751,504,291,263,3,629,"1,971","2,043",6,751,"1,293",6.21698944
2020-05-04,"63,477","4,160",864,275,150,140,42,119,691,784,514,300,273,3,649,"2,042","2,111",7,785,"2,306",6.04468726
2020-05-05,"65,737","4,319",882,281,158,159,46,132,720,803,526,315,286,7,670,"2,106","2,206",7,814,"2,260",6.23890785
2020-05-06,"69,062","4,429",904,287,165,110,50,139,737,827,536,326,296,5,681,"2,169","2,250",10,832,"3,325",5.88080342
2020-05-07,"72,634","4,662",919,289,169,233,54,148,770,865,555,339,317,7,729,"2,270","2,383",9,878,"3,572",5.95717067
2020-05-08,"76,035","4,776",938,291,175,114,57,152,797,882,567,344,324,5,746,"2,334","2,434",8,902,"3,401",5.6582806
2020-05-09,"79,478","4,926",955,297,175,150,59,160,824,902,585,355,330,4,774,"2,422","2,496",8,933,"3,443",5.45149243
2020-05-10,"82,116","5,065",973,302,175,139,62,165,846,928,597,357,341,4,805,"2,482","2,574",9,960,"2,638",5.29211134
2020-05-11,"84,556","5,161",996,309,190,96,62,168,865,951,602,367,346,4,818,"2,528","2,622",11,978,"2,440",5.09503186
2020-05-12,"88,097","5,278","1,019",316,194,117,63,171,885,975,609,376,350,6,839,"2,589","2,678",11,"1,004","3,541",4.8802411
2020-05-13,"92,095","5,391","1,047",321,200,113,66,179,901,994,621,380,357,6,863,"2,643","2,737",11,"1,024","3,998",4.62285873
2020-05-14,"96,150","5,523","1,070",325,208,132,68,181,921,"1,013",628,391,366,6,895,"2,710","2,800",13,"1,054","4,055",4.42480037
2020-05-15,"100,655","5,662","1,085",329,209,139,74,189,936,"1,037",640,403,384,5,915,"2,783","2,867",12,"1,079","4,505",4.2272
2020-05-16,"105,018","5,836","1,104",332,209,174,77,200,961,"1,058",660,422,397,6,955,"2,879","2,945",12,"1,100","4,363",4.22906
2020-05-17,"108,426","5,946","1,115",339,211,110,79,202,972,"1,070",680,440,406,6,976,"2,936","2,998",12,"1,115","3,408",4.07575917
2020-05-18,"111,035","6,026","1,136",346,222,80,81,209,982,"1,085",693,442,408,7,985,"2,978","3,036",12,"1,134","2,609",3.92363
2020-05-19,"115,837","6,140","1,155",351,230,114,86,218,996,"1,106",708,448,410,5,"1,011","3,036","3,092",12,"1,152","4,802",3.63473
2020-05-20,"120,559","6,315","1,183",354,241,175,91,227,"1,023","1,130",725,451,420,3,"1,049","3,125","3,177",13,"1,196","4,722",3.66235
2020-05-21,"124,615","6,434","1,209",361,242,119,94,239,"1,036","1,149",740,458,424,3,"1,071","3,197","3,226",11,"1,220","4,056",3.408938
2020-05-22,"128,410","6,559","1,224",369,249,125,97,244,"1,055","1,173",753,459,430,4,"1,104","3,273","3,274",12,"1,240","3,795",3.4042959
2020-05-23,"132,958","6,701","1,232",369,249,142,99,254,"1,075","1,197",771,463,434,5,"1,137","3,351","3,339",11,"1,266","4,548",3.318998
2020-05-24,"136,658","6,797","1,244",370,249,96,104,270,"1,082","1,211",777,470,436,4,"1,158","3,401","3,386",10,"1,285","3,700",3.175534
2020-05-25,"140,566","6,882","1,255",375,249,85,105,277,"1,096","1,225",782,474,439,5,"1,175","3,442","3,428",12,"1,304","3,908",3.0726656
2020-05-26,"143,587","6,983","1,271",377,255,101,108,283,"1,116","1,241",788,478,441,4,"1,205","3,487","3,484",12,"1,319","3,021",3.0726256
2020-05-27,"147,286","7,100","1,285",377,260,117,111,288,"1,140","1,257",801,483,445,4,"1,232","3,552","3,537",11,"1,339","3,699",3.0937166
2020-05-28,"151,910","7,240","1,296",378,266,140,118,299,"1,162","1,274",819,489,453,5,"1,259","3,630","3,598",12,"1,362","4,624",3.0792682
2020-05-29,"156,210","7,385","1,314",381,269,145,120,310,"1,188","1,300",830,495,468,4,"1,282","3,709","3,661",15,"1,388","4,300",3.1014
2020-05-30,"160,139","7,481","1,324",385,269,96,123,319,"1,195","1,308",839,505,475,4,"1,306","3,757","3,710",14,"1,407","3,929",2.984343
2020-05-31,"163,794","7,554","1,331",385,269,73,125,324,"1,204","1,317",847,506,479,4,"1,322","3,793","3,747",14,"1,426","3,655",2.904204
2020-06-01,"167,733","7,674","1,341",387,276,120,128,331,"1,218","1,337",854,513,483,6,"1,355","3,859","3,803",12,"1,449","3,939",2.90663
2020-06-02,"172,673","7,798","1,363",392,283,124,132,339,"1,231","1,353",869,521,489,5,"1,385","3,919","3,867",12,"1,474","4,940",2.917165
2020-06-03,"176,387","7,940","1,383",395,288,142,140,350,"1,243","1,374",883,531,502,5,"1,421","3,995","3,930",15,"1,491","3,714",2.9107258
2020-06-04,"182,323","8,180","1,397",397,294,240,154,364,"1,273","1,413",895,542,505,4,"1,483","4,138","4,032",10,"1,547","5,936",3.025577
2020-06-05,"186,186","8,345","1,416",401,296,165,161,370,"1,304","1,446",908,550,511,4,"1,523","4,223","4,112",10,"1,568","3,863",3.0912
2020-06-06,"191,918","8,476","1,421",402,296,131,165,378,"1,324","1,465",921,554,515,4,"1,561","4,290","4,177",9,"1,589","5,732",3.010515
2020-06-07,"195,762","8,619","1,429",403,296,143,170,389,"1,346","1,482",929,560,519,4,"1,601","4,363","4,247",9,"1,619","3,844",3.0827016
2020-06-08,"199,725","8,729","1,441",408,301,110,173,395,"1,362","1,504",939,561,525,4,"1,628","4,422","4,299",8,"1,638","3,963",3.12209469
2020-06-09,"203,579","8,837","1,447",410,305,108,178,408,"1,374","1,514",945,562,528,5,"1,653","4,486","4,342",9,"1,670","3,854",3.0904121
2020-06-10,"208,576","8,998","1,459",414,308,161,186,415,"1,395","1,533",963,564,537,5,"1,692","4,569","4,420",9,"1,708","4,997",3.09675314
2020-06-11,"214,960","9,130","1,489",421,313,132,189,419,"1,421","1,559",973,572,541,5,"1,720","4,638","4,483",9,"1,731","6,384",2.9976
2020-06-12,"220,743","9,314","1,501",425,319,184,196,425,"1,443","1,585",989,582,560,5,"1,766","4,741","4,563",10,"1,763","5,783",2.98916833
2020-06-13,"227,494","9,440","1,519",426,319,126,206,436,"1,460","1,603","1,004",592,562,6,"1,792","4,809","4,619",12,"1,779","6,751",2.90847004
2020-06-14,"232,701","9,610","1,530",429,320,170,215,445,"1,476","1,633","1,022",600,568,6,"1,840","4,888","4,710",12,"1,805","5,207",2.98373169
2020-06-15,"237,539","9,730","1,543",432,323,120,219,450,"1,494","1,650","1,038",603,570,6,"1,874","4,958","4,760",12,"1,826","4,838",2.94530556
2020-06-16,"244,321","9,854","1,562",435,327,124,223,458,"1,522","1,669","1,052",609,578,6,"1,896","5,019","4,825",10,"1,841","6,782",2.8695846
2020-06-17,"254,391","10,092","1,578",437,331,238,230,480,"1,548","1,712","1,075",621,583,8,"1,958","5,144","4,936",12,"1,877","10,070",2.75883288
2020-06-18,"264,935","10,350","1,595",443,332,258,234,507,"1,584","1,756","1,094",635,586,9,"2,020","5,279","5,060",11,"1,925","10,544",2.6267
2020-06-19,"270,529","10,484","1,604",443,338,134,238,521,"1,603","1,764","1,102",638,590,9,"2,073","5,338","5,134",12,"1,946","5,594",2.53607294
2020-06-20,"274,942","10,794","1,619",449,338,310,254,558,"1,633","1,810","1,129",645,604,9,"2,152","5,485","5,293",16,"2,000","4,413",2.79196377
2020-06-21,"280,773","11,096","1,627",451,338,302,264,583,"1,672","1,840","1,148",658,630,10,"2,239","5,648","5,430",18,"2,052","5,831",2.91374057
2020-06-22,"287,592","11,294","1,639",454,341,198,267,611,"1,697","1,863","1,163",663,629,10,"2,302","5,755","5,526",13,"2,089","6,819",2.91918468
2020-06-23,"294,573","11,626","1,661",456,347,332,277,633,"1,745","1,892","1,203",683,643,11,"2,379","5,917","5,694",15,"2,160","6,981",3.06503725
2020-06-24,"304,045","11,961","1,687",461,352,335,289,659,"1,796","1,925","1,218",695,653,10,"2,491","6,103","5,841",17,"2,225","9,472",3.1036253
2020-06-25,"310,869","12,401","1,706",466,358,440,301,690,"1,852","1,983","1,252",712,662,11,"2,625","6,315","6,065",21,"2,313","6,824",3.4105
2020-06-26,"320,041","12,837","1,730",475,360,436,317,731,"1,914","2,027","1,283",731,672,12,"2,759","6,538","6,279",20,"2,391","9,172",3.5479063
2020-06-27,"328,342","13,334","1,747",479,361,497,337,768,"1,974","2,079","1,330",761,702,14,"2,886","6,808","6,507",19,"2,483","8,301",3.8612565
2020-06-28,"335,250","13,832","1,754",481,361,498,348,814,"2,038","2,139","1,359",773,708,16,"3,033","7,062","6,740",30,"2,604","6,908",4.11705623
2020-06-29,"342,632","14,149","1,770",485,365,317,359,839,"2,084","2,180","1,388",778,717,19,"3,129","7,215","6,902",32,"2,656","7,382",4.2048471
2020-06-30,"350,457","14,623","1,791",490,372,474,366,880,"2,156","2,239","1,408",793,726,19,"3,282","7,447","7,142",34,"2,754","7,825",4.4933
2020-07-01,"358,967","15,207","1,821",497,377,584,385,917,"2,229","2,310","1,444",812,732,14,"3,495","7,754","7,401",52,"2,869","8,510",4.89117962
2020-07-02,"366,274","15,696","1,849",503,387,489,397,946,"2,297","2,363","1,490",827,752,16,"3,647","7,993","7,622",81,"2,961","7,307",5.27536289
2020-07-03,"373,595","16,164","1,879",507,387,468,420,986,"2,352","2,408","1,517",842,758,17,"3,812","8,219","7,824",121,"3,052","7,321",5.110318
2020-07-04,"381,690","16,726","1,899",510,387,562,447,"1,035","2,420","2,460","1,565",854,776,17,"3,995","8,514","8,088",124,"3,157","8,095",5.5570128
2020-07-05,"389,357","17,000","1,912",516,387,274,452,"1,070","2,461","2,489","1,583",857,778,17,"4,080","8,652","8,223",125,"3,213","7,667",5.4373
2020-07-06,"394,887","17,578","1,923",517,399,578,471,"1,124","2,534","2,572","1,629",875,792,16,"4,231","8,940","8,510",128,"3,334","5,530",5.8567501
2020-07-07,"402,494","17,842","1,961",524,406,264,481,"1,148","2,567","2,604","1,656",883,798,16,"4,305","9,084","8,632",126,"3,384","7,607",5.7597687
2020-07-08,"411,444","18,402","1,974",525,415,560,510,"1,191","2,635","2,674","1,698",904,812,18,"4,454","9,367","8,910",125,"3,506","8,950",5.99726254
2020-07-09,"419,867","18,863","2,002",529,420,461,530,"1,243","2,702","2,731","1,720",917,825,18,"4,595","9,606","9,130",127,"3,582","8,423",5.9285
2020-07-10,"428,159","19,371","2,025",532,422,508,559,"1,290","2,771","2,792","1,766",939,839,18,"4,725","9,856","9,389",126,"3,672","8,292",6.043397
2020-07-11,"436,664","19,929","2,036",535,422,558,576,"1,335","2,856","2,860","1,811",963,845,18,"4,890","10,137","9,659",133,"3,775","8,505",6.0883292
2020-07-12,"443,206","20,348","2,052",538,422,419,608,"1,380","2,918","2,913","1,832",978,852,18,"5,002","10,358","9,853",137,"3,847","6,542",6.0358
2020-07-13,"450,452","20,887","2,073",541,436,539,630,"1,424","2,997","2,964","1,867",993,862,19,"5,179","10,638","10,107",142,"3,952","7,246",6.2493
2020-07-14,"458,888","21,446","2,093",546,448,559,642,"1,481","3,080","3,041","1,902","1,008",878,20,"5,325","10,933","10,387",126,"4,069","8,436",6.29248093
2020-07-15,"469,332","21,855","2,127",558,465,409,661,"1,525","3,144","3,096","1,924","1,014",886,20,"5,429","11,131","10,589",135,"4,156","10,434",6.0241946
2020-07-16,"478,546","22,489","2,154",562,472,634,682,"1,581","3,241","3,192","1,969","1,028",895,20,"5,617","11,462","10,892",135,"4,264","9,224",6.05048453
2020-07-17,"488,836","23,114","2,180",567,478,625,695,"1,645","3,320","3,296","2,010","1,046",907,21,"5,780","11,791","11,192",131,"4,394","10,290",6.0308397
2020-07-18,"497,779","23,682","2,203",571,478,568,714,"1,699","3,405","3,375","2,051","1,062",916,24,"5,925","12,079","11,502",101,"4,511","8,943",5.9919544
2020-07-19,"505,663","24,135","2,215",575,478,453,721,"1,735","3,479","3,442","2,089","1,075",917,25,"6,047","12,324","11,724",87,"4,605","7,884",6.1346792
2020-07-20,"514,693","24,520","2,237",578,487,385,730,"1,773","3,537","3,496","2,110","1,086",923,25,"6,160","12,508","11,923",89,"4,680","9,030",5.7943676
2020-07-21,"522,973","25,107","2,279",592,505,587,754,"1,827","3,621","3,580","2,150","1,104",933,24,"6,328","12,817","12,204",86,"4,786","8,280",6.0300965
2020-07-22,"531,277","25,608","2,309",599,512,501,770,"1,879","3,702","3,644","2,210","1,118",947,26,"6,444","13,082","12,441",85,"4,868","8,304",6.0133686
2020-07-23,"538,251","26,098","2,330",602,524,490,786,"1,932","3,777","3,708","2,237","1,132",960,25,"6,564","13,321","12,692",85,"4,977","6,974",6.1115
2020-07-24,"554,680","26,701","2,364",606,533,603,806,"1,994","3,865","3,799","2,276","1,151",987,24,"6,727","13,624","12,981",96,"5,072","16,429",5.7935046
2020-07-25,"562,185","26,984","2,391",614,533,283,821,"2,017","3,908","3,833","2,303","1,159",996,28,"6,793","13,774","13,105",105,"5,126","7,505",5.6205734
2020-07-26,"568,641","27,507","2,405",618,533,523,841,"2,057","3,979","3,892","2,361","1,188","1,016",29,"6,931","14,034","13,343",130,"5,213","6,456",5.7073385
2020-07-27,"575,264","28,005","2,430",626,547,498,859,"2,098","4,039","3,951","2,402","1,198","1,024",29,"7,097","14,277","13,596",132,"5,308","6,623",5.70298
2020-07-28,"582,163","28,287","2,459",632,552,282,872,"2,122","4,078","4,002","2,418","1,205","1,032",29,"7,179","14,419","13,740",128,"5,350","6,899",5.5493815
2020-07-29,"590,401","28,668","2,486",638,558,381,886,"2,166","4,130","4,055","2,449","1,210","1,038",28,"7,287","14,620","13,922",126,"5,419","8,238",5.626905
2020-07-30,"599,467","29,048","2,521",642,561,380,894,"2,205","4,198","4,099","2,477","1,223","1,041",28,"7,396","14,833","14,099",116,"5,487","9,066",5.4242026
2020-07-31,"608,628","29,577","2,551",650,565,529,911,"2,255","4,277","4,167","2,514","1,238","1,050",27,"7,543","15,137","14,324",116,"5,595","9,161",5.395185
2020-08-01,"614,283","29,883","2,577",652,565,306,927,"2,284","4,335","4,199","2,538","1,250","1,053",27,"7,618","15,316","14,459",108,"5,652","5,655",5.322564
2020-08-02,"620,819","30,226","2,599",656,565,343,942,"2,317","4,383","4,247","2,563","1,270","1,062",28,"7,692","15,488","14,614",124,"5,722","6,536",5.2893466
2020-08-03,"624,987","30,516","2,627",662,568,290,946,"2,359","4,416","4,288","2,588","1,277","1,067",28,"7,770","15,641","14,769",106,"5,777","4,168",5.4363791
2020-08-04,"631,968","30,864","2,655",666,578,348,958,"2,406","4,468","4,326","2,619","1,285","1,078",30,"7,858","15,802","14,958",104,"5,836","6,981",5.2818937
2020-08-05,"643,074","31,127","2,681",674,583,263,963,"2,436","4,509","4,360","2,649","1,292","1,085",30,"7,922","15,936","15,094",97,"5,881","11,106",4.9366262
2020-08-06,"654,575","31,779","2,712",681,586,652,990,"2,499","4,604","4,445","2,692","1,301","1,091",30,"8,105","16,298","15,377",104,"6,022","11,501",4.8837729
2020-08-07,"664,047","32,330","2,730",682,593,551,"1,007","2,563","4,690","4,511","2,737","1,321","1,106",32,"8,243","16,590","15,624",116,"6,120","9,472",5.1468907
2020-08-08,"670,283","32,747","2,745",687,594,417,"1,023","2,603","4,746","4,585","2,765","1,337","1,120",32,"8,337","16,796","15,829",122,"6,199","6,236",5.3312735
2020-08-09,"677,853","32,975","2,752",689,594,228,"1,026","2,623","4,788","4,615","2,784","1,353","1,128",30,"8,387","16,921","15,936",118,"6,241","7,570",5.0067758
2020-08-10,"683,522","33,157","2,771",694,602,182,"1,029","2,643","4,808","4,638","2,798","1,360","1,134",30,"8,435","17,016","16,027",114,"6,282","5,669",4.7590016
2020-08-11,"690,861","33,393","2,792",696,608,236,"1,051","2,674","4,829","4,670","2,819","1,362","1,139",32,"8,496","17,135","16,151",107,"6,321","7,339",4.6974185
2020-08-12,"698,881","33,659","2,809",699,615,266,"1,060","2,699","4,875","4,709","2,835","1,374","1,141",32,"8,571","17,274","16,281",104,"6,363","8,020",4.60084808
2020-08-13,"708,389","34,065","2,823",703,622,406,"1,080","2,741","4,933","4,765","2,871","1,384","1,148",31,"8,672","17,492","16,471",102,"6,440","9,508",4.60084808
2020-08-14,"719,657","34,344","2,835",710,626,279,"1,088","2,759","4,985","4,814","2,898","1,391","1,154",33,"8,730","17,627","16,614",103,"6,492","11,268",4.2934729
2020-08-15,"726,704","34,678","2,856",715,626,334,"1,107","2,786","5,026","4,862","2,923","1,402","1,162",32,"8,828","17,811","16,758",109,"6,550","7,047",4.2652
2020-08-16,"733,081","34,960","2,868",716,626,282,"1,121","2,809","5,070","4,897","2,948","1,411","1,166",34,"8,902","17,956","16,891",113,"6,602","6,377",4.2169
2020-08-17,"738,665","35,162","2,890",719,633,202,"1,128","2,827","5,101","4,935","2,962","1,412","1,172",34,"8,948","18,056","16,996",110,"6,643","5,584",4.0869825
2020-08-18,"745,446","35,376","2,916",723,638,214,"1,142","2,850","5,130","4,964","2,979","1,422","1,181",33,"8,994","18,156","17,112",108,"6,681","6,781",3.9761011
2020-08-19,"755,311","35,608","2,930",726,644,232,"1,147","2,876","5,174","5,001","2,993","1,431","1,189",33,"9,051","18,276","17,225",107,"6,713","9,865",3.9924446
2020-08-20,"761,878","35,912","2,946",726,652,304,"1,163","2,891","5,222","5,050","3,023","1,440","1,197",31,"9,118","18,429","17,378",105,"6,777","6,567",3.8517096
2020-08-21,"770,702","36,203","2,961",728,660,291,"1,171","2,909","5,270","5,086","3,055","1,447","1,207",31,"9,199","18,581","17,515",107,"6,828","8,824",3.6313347
2020-08-22,"777,485","36,540","2,978",729,660,337,"1,186","2,939","5,309","5,138","3,082","1,462","1,221",31,"9,294","18,760","17,673",107,"6,878","6,783",3.5381803
2020-08-23,"784,836","36,727","2,989",733,660,187,"1,195","2,963","5,331","5,153","3,097","1,468","1,222",34,"9,350","18,854","17,766",107,"6,914","7,351",3.5070993
2020-08-24,"790,370","36,994","3,006",736,665,267,"1,203","2,983","5,376","5,184","3,130","1,482","1,224",33,"9,405","19,001","17,890",103,"6,974","5,534",3.5910827
2020-08-25,"798,697","37,222","3,022",738,668,228,"1,212","3,004","5,408","5,216","3,146","1,498","1,234",33,"9,459","19,134","17,986",102,"7,012","8,327",3.5507623
2020-08-26,"803,932","37,499","3,040",738,673,277,"1,226","3,035","5,450","5,248","3,165","1,505","1,243",29,"9,535","19,283","18,114",102,"7,063","5,235",3.65536739
2020-08-27,"812,753","37,784","3,065",746,676,285,"1,243","3,068","5,484","5,290","3,185","1,517","1,254",31,"9,602","19,408","18,271",105,"7,110","8,821",3.5634893
2020-08-28,"819,549","38,047","3,083",749,679,263,"1,261","3,091","5,518","5,320","3,211","1,526","1,265",31,"9,666","19,542","18,405",100,"7,158","6,796",3.7070036
2020-08-29,"824,909","38,300","3,099",750,682,253,"1,272","3,114","5,557","5,360","3,232","1,536","1,270",31,"9,717","19,656","18,542",102,"7,211","5,360",3.6882032
2020-08-30,"830,640","38,604","3,111",750,682,304,"1,283","3,147","5,608","5,406","3,254","1,544","1,276",31,"9,795","19,814","18,686",104,"7,260","5,731",3.7351756
2020-08-31,"837,626","38,871","3,125",755,688,267,"1,287","3,180","5,653","5,434","3,276","1,556","1,290",34,"9,855","19,950","18,819",102,"7,306","6,986",3.7479411
2020-09-01,"845,232","39,121","3,142",760,695,250,"1,294","3,237","5,690","5,471","3,289","1,563","1,296",33,"9,909","20,095","18,922",104,"7,339","7,606",3.7530315
2020-09-02,"854,263","39,446","3,169",767,700,325,"1,305","3,309","5,731","5,509","3,309","1,573","1,311",31,"9,988","20,261","19,086",99,"7,380","9,031",3.87648233
2020-09-03,"861,817","39,899","3,194",768,701,453,"1,320","3,412","5,788","5,555","3,334","1,589","1,317",32,"10,117","20,479","19,312",108,"7,435","7,554",3.98943355
2020-09-04,"869,262","40,342","3,199",768,704,443,"1,331","3,511","5,847","5,611","3,359","1,605","1,321",32,"10,224","20,684","19,549",109,"7,501","7,445",4.1994724
2020-09-05,"873,533","40,650","3,214",772,707,308,"1,339","3,594","5,873","5,641","3,372","1,611","1,324",32,"10,321","20,858","19,680",112,"7,543","4,271",4.27910444
2020-09-06,"880,321","40,866","3,225",777,708,216,"1,346","3,629","5,919","5,672","3,388","1,616","1,330",33,"10,364","20,965","19,788",113,"7,569","6,788",4.3125119
2020-09-07,"885,048","41,077","3,232",779,709,211,"1,346","3,685","5,940","5,697","3,399","1,624","1,340",34,"10,418","21,069","19,898",110,"7,594","4,727",4.3347123
2020-09-08,"880,321","41,324","3,237",773,721,247,"1,351","3,728","5,972","5,722","3,419","1,632","1,343",34,"10,493","21,179","20,035",110,"7,630","4,566",4.5123038
2020-09-09,"897,915","41,608","3,253",775,725,284,"1,362","3,830","5,995","5,754","3,434","1,643","1,351",38,"10,542","21,325","20,173",110,"7,659","8,311",4.3720672
2020-09-10,"907,123","41,969","3,266",775,730,361,"1,378","3,894","6,042","5,795","3,456","1,656","1,355",35,"10,637","21,489","20,368",112,"7,721","9,208",4.43467203
2020-09-11,"915,654","42,414","3,278",777,734,445,"1,394","3,959","6,107","5,843","3,482","1,671","1,363",33,"10,758","21,687","20,616",111,"7,804","8,531",4.5439883
2020-09-12,"923,935","42,679","3,296",781,734,265,"1,408","4,006","6,147","5,885","3,503","1,676","1,371",34,"10,815","21,827","20,739",113,"7,834","8,281",4.422071
2020-09-13,"929,856","42,887","3,306",781,734,208,"1,408","4,038","6,171","5,915","3,518","1,688","1,378",33,"10,873","21,927","20,845",115,"7,865","5,921",4.3168441
2020-09-14,"935,825","43,181","3,335",784,742,294,"1,419","4,094","6,208","5,947","3,548","1,697","1,384",35,"10,937","22,080","20,986",115,"7,912","5,969",4.3890467
2020-09-15,"944,469","43,445","3,349",787,748,264,"1,423","4,142","6,242","5,976","3,575","1,705","1,392",35,"11,002","22,212","21,118",115,"7,953","8,644",4.3890467
2020-09-16,"953,964","43,619","3,366",791,754,174,"1,436","4,172","6,259","6,000","3,590","1,713","1,397",35,"11,036","22,289","21,217",113,"7,981","9,495",4.18551468
2020-09-17,"964,199","44,007","3,381",793,757,388,"1,448","4,231","6,307","6,048","3,612","1,735","1,405",35,"11,119","22,476","21,416",115,"8,067","10,235",4.01242405
2020-09-18,"973,462","44,293","3,395",796,760,286,"1,464","4,278","6,338","6,092","3,632","1,743","1,415",35,"11,187","22,628","21,551",114,"8,119","9,263",3.7917466
2020-09-19,"982,559","44,577","3,404",800,760,284,"1,471","4,347","6,376","6,121","3,644","1,748","1,420",36,"11,260","22,787","21,675",115,"8,154","9,097",3.6018931
2020-09-20,"988,933","44,925","3,418",801,760,348,"1,499","4,399","6,418","6,160","3,676","1,766","1,428",36,"11,341","22,965","21,846",114,"8,202","6,374",3.7371561
2020-09-21,"997,063","45,147","3,435",809,765,222,"1,507","4,430","6,454","6,181","3,699","1,772","1,428",36,"11,400","23,095","21,939",113,"8,240","8,130",3.63344194
2020-09-22,"1,002,154","45,425","3,450",813,767,278,"1,514","4,473","6,495","6,223","3,722","1,787","1,440",37,"11,464","23,235","22,076",114,"8,270","5,091",3.6437139
2020-09-23,"1,015,763","45,596","3,460",814,773,171,"1,524","4,487","6,521","6,244","3,744","1,792","1,442",37,"11,503","23,321","22,162",113,"8,302","13,609",3.840201
2020-09-24,"1,023,476","46,001","3,473",817,775,405,"1,544","4,542","6,573","6,297","3,773","1,799","1,446",36,"11,604","23,526","22,358",117,"8,387","7,713",3.46531675
2020-09-25,"1,023,476","46,331","3,483",814,775,330,"1,567","4,592","6,622","6,342","3,972","1,808","1,445",36,"11,688","23,702","22,507",122,"8,439","7,713",3.3269348
2020-09-26,"1,041,940","46,610","3,497",816,776,279,"1,585","4,627","6,649","6,376","3,824","1,822","1,453",37,"11,753","23,854","22,635",121,"8,484","8,550",3.3269348
2020-09-27,"1,047,950","46,734","3,502",816,776,124,"1,585","4,647","6,665","6,399","3,830","1,828","1,456",37,"11,769","23,912","22,698",124,"8,518","6,010",3.2575745
2020-09-28,"1,056,947","46,985","3,515",817,781,251,"1,595","4,671","6,705","6,443","3,849","1,840","1,463",38,"11,822","24,052","22,808",125,"8,559","8,997",3.1406351
2020-09-29,"1,067,656","47,180","3,525",822,783,195,"1,609","4,695","6,740","6,459","3,859","1,847","1,468",39,"11,871","24,143","22,914",123,"8,593","10,709",3.0373509
2020-09-30,"1,079,365","47,485","3,545",828,792,305,"1,610","4,730","6,785","6,506","3,882","1,857","1,476",37,"11,947","24,297","23,065",123,"8,655","11,709",3.08291002
2020-10-01,"1,088,581","47,791","3,554",829,794,306,"1,625","4,761","6,828","6,542","3,903","1,873","1,483",38,"12,027","24,442","23,228",121,"8,711","9,216",3.04224083
2020-10-02,"1,097,724","48,200","3,560",830,798,409,"1,640","4,805","6,878","6,596","3,927","1,890","1,502",38,"12,128","24,659","23,419",122,"8,796","9,143",3.1496888
2020-10-03,"1,106,521","48,436","3,575",831,803,236,"1,650","4,831","6,910","6,624","3,946","1,899","1,507",38,"12,192","24,785","23,527",124,"8,839","8,797",3.118535
2020-10-04,"1,113,098","48,660","3,585",832,803,224,"1,662","4,860","6,941","6,658","3,959","1,908","1,510",38,"12,245","24,908","23,630",122,"8,879","6,577",3.0133848
2020-10-05,"1,121,886","48,821","3,602",833,806,161,"1,666","4,876","6,957","6,677","3,967","1,915","1,518",39,"12,282","25,003","23,695",123,"8,924","8,788",2.9485173
2020-10-06,"1,132,501","49,175","3,626",839,813,354,"1,678","4,911","7,006","6,729","3,992","1,937","1,530",40,"12,366","25,185","23,864",126,"8,986","10,615",2.8817558
2020-10-07,"1,143,416","49,466","3,646",849,819,291,"1,694","4,941","7,049","6,754","4,014","1,951","1,539",39,"12,442","25,335","24,005",126,"9,043","10,915",3.0316561
2020-10-08,"1,198,765","49,823","3,652",848,821,357,"1,711","4,978","7,104","6,800","4,046","1,965","1,543",39,"12,546","25,509","24,187",127,"9,091","55,349",2.8571642
2020-10-09,"1,210,136","50,143","3,670",849,825,320,"1,730","5,011","7,151","6,836","4,076","1,973","1,550",40,"12,623","25,673","24,343",127,"9,153","11,371",2.8235364
2020-10-10,"1,220,011","50,551","3,681",851,826,408,"1,747","5,047","7,207","6,896","4,113","1,983","1,556",42,"12,742","25,887","24,535",129,"9,218","9,875",2.8907161
2020-10-11,"1,227,584","50,746","3,692",854,826,195,"1,759","5,066","7,237","6,921","4,123","1,989","1,561",43,"12,794","25,993","24,652",128,"9,253","7,573",2.909439
2020-10-12,"1,237,662","51,024","3,702",857,840,278,"1,767","5,091","7,273","6,974","4,146","2,003","1,562",44,"12,860","26,132","24,760",132,"9,304","10,078",2.901684
2020-10-13,"1,247,324","51,327","3,710",858,844,303,"1,785","5,120","7,329","7,002","4,159","2,014","1,567",43,"12,922","26,269","24,926",132,"9,386","9,662",3.00185308
2020-10-14,"1,255,639","51,470","3,720",862,847,143,"1,799","5,140","7,350","7,033","4,177","2,022","1,570",42,"12,951","26,371","24,968",131,"9,386","8,315",2.9572406
2020-10-15,"1,262,363","51,781","3,740",865,850,311,"1,821","5,170","7,383","7,066","4,212","2,042","1,576",43,"13,022","26,535","25,115",131,"9,446","6,724",3.0167395
2020-10-16,"1,281,786","51,982","3,752",869,853,201,"1,835","5,194","7,414","7,085","4,232","2,049","1,580",44,"13,072","26,643","25,209",130,"9,477","19,423",2.6532531
2020-10-17,"1,281,786","52,355","3,763",870,853,373,"1,860","5,234","7,484","7,132","4,262","2,062","1,583",44,"13,153","26,847","25,374",134,"9,541","19,423",2.6846511
2020-10-18,"1,302,869","52,735","3,770",872,853,380,"1,882","5,275","7,541","7,173","4,299","2,075","1,588",45,"13,249","27,040","25,564",131,"9,608","8,850",2.7487167
2020-10-19,"1,302,869","53,000","3,788",876,857,265,"1,891","5,308","7,582","7,208","4,321","2,088","1,595",45,"13,310","27,171","25,696",133,"9,652","8,850",2.8127587
2020-10-20,"1,322,428","53,263","3,800",879,863,263,"1,908","5,333","7,608","7,238","4,348","2,092","1,601",44,"13,383","27,300","25,829",134,"9,708","10,449",2.754587
2020-10-21,"1,342,067","53,498","3,815",882,866,235,"1,921","5,352","7,645","7,270","4,366","2,106","1,606",45,"13,436","27,421","25,941",136,"9,751","19,639",2.6524919
2020-10-22,"1,354,922","53,928","3,827",884,867,430,"1,948","5,404","7,719","7,318","4,404","2,119","1,611",43,"13,534","27,648","26,141",139,"9,828","13,360",2.7088736
2020-10-23,"1,365,706","54,314","3,842",885,868,386,"1,973","5,447","7,776","7,376","4,440","2,127","1,615",44,"13,613","27,849","26,326",139,"9,903","10,784",2.7613
2020-10-24,"1,376,525","54,583","3,850",889,870,269,"1,995","5,468","7,820","7,401","4,455","2,141","1,624",44,"13,669","27,980","26,462",141,"9,966","10,819",2.6544478
2020-10-25,"1,384,352","54,941","3,859",892,870,358,"2,016","5,499","7,865","7,451","4,484","2,153","1,640",45,"13,755","28,167","26,633",141,"10,033","7,827",2.7571476
2020-10-26,"1,394,808","55,210","3,875",898,877,269,"2,033","5,535","7,904","7,487","4,502","2,168","1,645",44,"13,819","28,314","26,752",144,"10,073","10,456",2.7444141
2020-10-27,"1,405,924","55,540","3,883",905,881,330,"2,050","5,564","7,954","7,528","4,527","2,181","1,652",44,"13,893","28,484","26,912",144,"10,147","11,116",2.73603408
2020-10-28,"1,419,262","55,898","3,892",902,885,358,"2,068","5,605","7,998","7,576","4,561","2,194","1,669",45,"13,977","28,677","27,076",145,"10,205","13,338",2.7848181
2020-10-29,"1,434,275","56,369","3,911",905,888,471,"2,085","5,647","8,065","7,643","4,597","2,214","1,676",45,"14,087","28,902","27,320",147,"10,310","15,013",2.74247732
2020-10-30,"1,447,154","56,750","3,922",905,891,381,"2,104","5,669","8,130","7,698","4,613","2,226","1,680",46,"14,188","29,090","27,514",146,"10,396","12,879",2.9660964
2020-10-31,"1,456,644","57,102","3,932",908,891,352,"2,125","5,704","8,190","7,749","4,633","2,236","1,690",45,"14,261","29,259","27,692",151,"10,469","9,490",3.0042973
2020-11-01,"1,466,892","57,409","3,944",914,891,307,"2,133","5,731","8,228","7,795","4,664","2,256","1,700",46,"14,333","29,408","27,853",148,"10,523","10,248",2.9321539
2020-11-02,"1,475,092","57,702","3,968",918,901,293,"2,149","5,755","8,268","7,835","4,691","2,268","1,707",48,"14,402","29,557","27,996",149,"10,579","8,200",3
2020-11-03,"1,490,437","58,106","3,983",921,904,404,"2,169","5,791","8,326","7,880","4,720","2,280","1,717",50,"14,513","29,762","28,193",151,"10,660","15,345",2.9640555
2020-11-04,"1,506,342","58,636","3,995",923,904,530,"2,207","5,843","8,408","7,953","4,767","2,293","1,728",49,"14,634","30,038","28,442",156,"10,754","15,905",3.11809685
2020-11-04,"1,506,342","58,636","3,995",923,904,530,"2,207","5,843","8,408","7,953","4,767","2,293","1,728",49,"14,634","30,038","28,442",156,"10,754","15,905",3.11809685
2020-11-05,"1,519,421","59,116","4,014",924,907,480,"2,233","5,883","8,479","8,019","4,800","2,308","1,735",51,"14,750","30,286","28,674",156,"10,858","13,079",3.15381856
2020-11-06,"1,532,929","59,656","4,028",929,908,540,"2,265","5,934","8,550","8,085","4,847","2,325","1,744",53,"14,898","30,552","28,947",157,"10,955","13,508",3.1945366
2020-11-07,"1,542,946","60,169","4,049",934,908,513,"2,285","6,000","8,613","8,154","4,891","2,336","1,750",54,"15,032","30,794","29,217",158,"11,054","10,017",3.3565476
2020-11-08,"1,553,554","60,570","4,062",938,908,401,"2,304","6,059","8,665","8,195","4,924","2,345","1,759",53,"15,141","31,005","29,406",159,"11,125","10,608",3.3267928
2020-11-09,"1,562,879","61,053","4,084",944,915,483,"2,325","6,111","8,743","8,242","4,953","2,363","1,170",54,"15,295","31,222","29,674",157,"11,197","9,325",3.47650695
2020-11-10,"1,576,633","61,714","4,105",945,918,661,"2,351","6,161","8,826","8,325","5,021","2,387","1,794",56,"15,457","31,539","30,010",165,"11,336","13,754",3.61668102
2020-11-11,"1,594,541","62,334","4,130",948,918,620,"2,382","6,219","8,899","8,404","5,080","2,415","1,807",61,"15,631","31,824","30,347",163,"11,436","17,908",3.67186029
2020-11-12,"1,594,541","62,945","4,154",947,921,611,"2,418","6,267","8,979","8,489","5,135","2,440","1,826",60,"15,785","32,130","30,650",165,"11,546","17,908",3.75923946
2020-11-13,"1,629,003","63,681","4,173",952,926,736,"2,452","6,356","9,082","8,591","5,183","2,461","1,840",60,"15,971","32,540","30,973",168,"11,685","19,799",3.811404
2020-11-14,"1,641,352","64,768","4,197",958,926,"1,087","2,514","6,466","9,235","8,733","5,284","2,499","1,859",62,"16,239","33,062","31,528",178,"11,877","12,349",4.1503346
2020-11-15,"1,656,350","65,601","4,212",960,926,833,"2,550","6,551","9,355","8,850","5,348","2,531","1,869",65,"16,439","33,492","31,930",179,"12,043","14,998",4.3239135
2020-11-16,"1,697,828","66,319","4,236",967,933,718,"2,595","6,613","9,441","8,926","5,419","2,570","1,903",65,"16,610","33,865","32,271",183,"12,177","41,478",4.37918
2020-11-17,"1,712,134","67,241","4,274",971,945,922,"2,643","6,706","9,569","9,077","5,488","2,608","1,921",70,"16,822","34,340","32,715",186,"12,337","14,306",4.667072
2020-11-18,"1,724,945","68,140","4,303",975,952,899,"2,687","6,821","9,676","9,207","5,553","2,649","1,938",67,"17,042","34,817","33,130",193,"12,500","12,811",4.9335804
2020-11-19,"1,758,966","69,231","4,329",981,960,"1,091","2,766","6,917","9,804","9,347","5,637","2,682","1,954",64,"17,319","35,360","33,674",197,"12,741","34,021",4.73590815
2020-11-20,"1,780,913","70,709","4,354",983,966,"1,478","2,836","7,074","10,011","9,538","5,773","2,729","1,987",66,"17,662","36,161","34,345",203,"13,033","21,947",4.97838032
2020-11-21,"1,780,913","71,648","4,386",992,968,939,"2,893","7,162","10,187","9,644","5,859","2,775","2,008",65,"17,842","36,681","34,769",198,"13,213","21,947",4.9424337
2020-11-22,"1,823,281","72,815","4,414",994,968,"1,167","2,947","7,288","10,354","9,788","5,940","2,820","2,029",68,"18,137","37,303","35,306",206,"13,444","22,117",5.0233218
2020-11-23,"1,840,610","74,361","4,435","1,002",984,"1,546","3,017","7,438","10,582","10,005","6,067","2,880","2,051",75,"18,514","38,123","36,034",204,"13,732","17,329",5.2858397
2020-11-24,"1,861,348","75,305","4,470","1,006",988,944,"3,066","7,543","10,716","10,142","6,147","2,915","2,082",74,"18,719","38,634","36,466",205,"13,901","20,738",5.2525401
2020-11-25,"1,888,369","76,357","4,507","1,011",996,"1,052","3,141","7,655","10,865","10,284","6,232","2,984","2,114",77,"18,949","39,192","36,950",215,"14,056","27,021",5.23511931
2020-11-26,"1,913,807","78,159","4,544","1,015",996,"1,802","3,233","7,839","11,151","10,535","6,384","3,042","2,138",84,"19,346","40,124","37,815",220,"14,407","25,438",5.53493989
2020-11-27,"1,926,739","80,018","4,577","1,010",997,"1,859","3,327","8,053","11,433","10,788","6,532","3,108","2,180",86,"19,746","41,057","38,731",230,"14,765","12,932",6.09578179
2020-11-28,"1,940,347","81,084","4,603","1,016",997,"1,066","3,389","8,166","11,590","10,941","6,643","3,154","2,204",88,"19,968","41,615","39,237",232,"14,941","13,608",6.0594807
2020-11-29,"1,955,695","82,043","4,635","1,019",997,959,"3,434","8,265","11,717","11,065","6,713","3,186","2,237",93,"20,214","42,098","39,704",241,"15,119","15,348",6.098348
2020-11-30,"1,971,072","83,421","4,685","1,030","1,019","1,378","3,494","8,413","11,882","11,249","6,839","3,239","2,277",92,"20,581","42,792","40,376",253,"13,355","15,377",6.3463672
2020-12-01,"1,992,773","84,638","4,726","1,038","1,035","1,217","3,583","8,531","12,050","11,415","6,944","3,284","2,325",91,"20,865","43,413","40,971",254,"15,550","21,701",6.2834089
2020-12-02,"2,019,384","86,142","4,769","1,052","1,040","1,504","3,687","8,717","12,282","11,603","7,034","3,334","2,338",94,"21,229","44,179","41,702",261,"15,824","26,611",6.19323498
2020-12-03,"2,044,673","88,181","4,806","1,061","1,047","2,039","3,799","8,974","12,565","11,858","7,206","3,408","2,405",96,"21,681","45,229","42,676",276,"16,189","25,289",6.7212882
2020-12-04,"2,068,832","90,468","4,836","1,065","1,055","2,287","3,932","9,212","12,901","12,159","7,417","3,500","2,486",98,"22,151","46,448","43,730",290,"16,612","24,159",6.95367268
2020-12-05,"2,095,791","92,171","4,871","1,068","1,062","1,703","4,045","9,418","13,153","12,380","7,552","3,577","2,537",97,"22,516","47,328","44,557",286,"16,896","26,959",7.0559719
2020-12-06,"2,116,986","94,169","4,921","1,077","1,062","1,998","4,171","9,659","13,439","12,658","7,716","3,639","2,571",103,"22,930","48,325","45,549",295,"17,283","21,195",7.3650229
2020-12-07,"2,138,288","95,445","4,951","1,086","1,088","1,276","4,235","9,795","13,607","12,848","7,824","3,693","2,605",100,"23,210","48,960","46,189",296,"17,528","21,743",7.1628526
2020-12-08,"2,163,746","97,549","4,987","1,090","1,103","2,104","4,350","10,038","13,925","13,135","8,035","3,773","2,660",103,"23,609","50,100","47,150",299,"17,921","25,017",7.44865737
2020-12-09,"2,192,560","99,599","5,026","1,094","1,114","2,050","4,459","10,274","14,198","13,415","8,215","3,837","2,712",102,"24,074","51,159","48,133",307,"18,313","28,814",7.7363992
2020-12-10,"2,217,562","102,466","5,064","1,098","1,137","2,867","4,655","10,570","14,606","13,817","8,462","3,957","2,787",105,"24,659","52,614","49,518",334,"18,848","25,002",8.0021728
2020-12-11,"2,245,161","104,956","5,100","1,095","1,151","2,490","4,779","10,796","14,946","14,155","8,662","4,056","2,863",106,"25,291","53,809","50,787",360,"19,302","27,599",7.83174529
2020-12-12,"2,270,435","107,372","5,139","1,106","1,162","2,416","4,918","11,055","15,287","14,458","8,882","4,139","2,954",108,"25,796","55,001","51,924",447,"19,775","25,274",7.9639369
2020-12-13,"2,291,737","109,578","5,180","1,113","1,162","2,206","5,048","11,286","15,593","14,793","9,087","4,227","3,023",109,"26,208","56,095","53,003",480,"20,204","21,302",8.1939162
2020-12-14,"2,315,222","111,441","5,212","1,118","1,194","1,863","5,147","11,501","15,886","15,021","9,229","4,289","3,059",107,"26,650","57,025","53,927",489,"20,552","23,485",8.1417986
2020-12-15,"2,344,699","114,248","5,251","1,123","1,217","2,807","5,306","11,747","16,323","15,402","9,494","4,394","3,157",106,"27,207","58,448","55,288",512,"21,112","29,477",8.4137006
2020-12-16,"2,373,395","116,852","5,294","1,131","1,239","2,604","5,444","12,012","16,698","15,753","9,771","4,531","3,247",107,"27,716","59,766","56,566",520,"21,573","28,696",8.67487168
2020-12-17,"2,404,746","120,463","5,340","1,141","1,253","3,611","5,654","12,399","17,241","16,226","10,104","4,701","3,373",113,"28,453","61,627","58,264",572,"22,199","31,351",8.9654042
2020-12-18,"2,438,996","122,972","5,378","1,148","1,280","2,509","5,779","12,662","17,634","16,568","10,339","4,795","3,442",115,"28,998","62,886","59,500",586,"22,640","34,250",8.78097275
2020-12-19,"2,462,893","126,465","5,425","1,148","1,280","3,493","5,999","13,041","18,133","17,015","10,686","4,943","3,541",116,"29,666","64,632","61,223",610,"23,325","23,897",9.3418178
2020-12-20,"2,491,276","129,717","5,457","1,149","1,283","3,252","6,167","13,398","18,652","17,516","10,961","5,055","3,602",116,"30,348","66,315","62,772",630,"23,903","28,383",9.4974485
2020-12-21,"2,515,307","132,098","5,492","1,155","1,311","2,381","6,285","13,647","18,976","17,889","11,176","5,162","3,682",115,"30,861","67,560","63,907",631,"24,305","24,031",9.7331761
2020-12-22,"2,546,343","134,696","5,524","1,160","1,350","2,598","6,429","13,889","19,370","18,332","11,430","5,281","3,768",117,"31,342","68,908","65,135",653,"24,748","31,036",9.7091718
2020-12-23,"2,576,388","136,955","5,563","1,168","1,382","2,259","6,576","14,125","19,701","18,604","11,648","5,389","3,860",119,"31,788","70,047","66,240",668,"25,145","30,045",9.7324843
2020-12-24,"2,605,559","139,961","5,590","1,178","1,402","3,006","6,751","14,428","20,182","19,017","11,925","5,532","3,954",121,"32,414","71,501","67,775",685,"25,637","29,171",9.66373451
2020-12-25,"2,626,239","142,647","5,625","1,180","1,402","2,686","6,893","14,691","20,593","19,395","12,176","5,663","4,066",121,"32,924","72,897","69,032",718,"26,135","20,680",9.89062606
2020-12-26,"2,637,983","145,779","5,675","1,187","1,402","3,132","7,056","15,021","21,045","19,824","12,499","5,782","4,190",122,"33,532","74,437","70,598",744,"26,708","11,744",10.4495195
2020-12-27,"2,656,955","147,530","5,473","1,201","1,404","1,751","7,153","15,229","21,302","20,071","12,655","5,878","4,248",123,"33,883","75,389","71,387",754,"26,988","18,972",10.3916017
2020-12-28,"2,673,899","150,064","5,787","1,212","1,435","2,534","7,300","15,540","21,697","20,435","12,853","5,981","4,333",124,"34,375","76,688","72,619",757,"27,426","16,944",10.76818418
2020-12-29,"2,697,856","152,512","5,826","1,213","1,472","2,448","7,409","15,818","22,048","20,754","13,061","6,101","4,425",127,"34,927","77,973","73,778",761,"27,842","23,957",10.83484116
2020-12-30,"2,726,039","155,595","5,869","1,216","1,534","3,083","7,592","16,168","22,518","21,145","13,320","6,224","4,491",127,"35,631","79,562","75,266",767,"28,379","28,183",10.9864339
2020-12-31,"2,757,641","160,073","5,914","1,219","1,592","4,478","7,812","16,682","23,181","21,764","13,721","6,403","4,616",132,"36,572","81,940","77,324",809,"29,190","31,602",11.2243018
2021-01-01,"2,780,950","164,500","5,938","1,219","1,592","4,427","8,070","17,178","23,831","22,356","14,138","6,601","4,743",132,"37,468","84,278","79,324",898,"29,983","23,309",12.1443235
2021-01-02,"2,795,369","168,020","5,984","1,228","1,592","3,520","8,250","17,549","24,349","22,843","14,470","6,750","4,876",132,"38,191","86,120","80,947",953,"30,610","14,409",12.1443235
2021-01-02,"2,795,369","168,020","5,984","1,228","1,592","3,520","8,250","17,549","24,349","22,843","14,470","6,750","4,876",132,"38,191","86,120","80,947",953,"30,610","14,409",12.1443235
2021-01-02,"2,795,369","168,020","5,984","1,228","1,592","3,520","8,250","17,549","24,349","22,843","14,470","6,750","4,876",132,"38,191","86,120","80,947",953,"30,610","14,409",12.49864651
2021-01-03,"2,813,081","171,033","6,031","1,237","1,598","3,013","8,436","17,883","24,798","23,245","14,780","6,900","4,960",132,"38,782","87,770","82,301",962,"31,117","17,712",12.838831
2021-01-04,"2,832,863","172,847","6,093","1,247","1,654","1,814","8,548","18,121","25,063","23,504","14,914","6,960","5,001",135,"39,176","88,688","83,191",135,"31,425","19,182",12.8563586
2021-01-05,"2,858,583","176,662","6,116","1,253","1,691","3,815","8,794","18,592","25,610","24,004","15,238","7,113","5,115",134,"39,975","90,656","85,014",992,"32,067","26,320",13.4403023
2021-01-06,"2,892,074","180,512","6,142","1,261","1,738","3,850","9,021","19,065","26,162","24,540","15,527","7,251","5,203",136,"40,855","92,664","86,835","1,013","32,752","33,491",13.797571
2021-01-07,"2,921,026","185,062","6,177","1,268","1,771","4,550","9,229","19,522","26,762","25,171","15,998","7,503","5,409",139,"41,808","95,061","88,960","1,041","33,521","28,952",14.29658252
2021-01-08,"2,949,391","188,600","6,206","1,267","1,824","3,538","9,428","19,920","27,249","25,633","16,327","7,678","5,552",144,"42,566","96,929","90,606","1,065","34,103","28,365",14.2202431
2021-01-09,"2,949,391","191,888","6,238","1,271","1,857","3,288","9,617","20,277","27,708","26,060","16,643","7,829","5,683",147,"43,262","98,608","92,169","1,111","34,662","28,365",13.4586701
2021-01-10,"3,006,462","194,795","6,284","1,273","1,857","2,907","9,782","20,647","28,115","26,435","16,892","7,924","5,759",148,"43,935","100,171","93,496","1,128","35,158","25,882",13.5233343
2021-01-11,"3,024,581","198,319","6,313","1,273","1,898","3,524","9,971","21,094","28,617","26,922","17,190","8,096","5,866",150,"44,660","102,028","95,127","1,164","35,753","18,119",13.7603399
2021-01-11,"3,006,462","198,319","6,313","1,273","1,898","3,524","9,971","21,094","28,617","26,922","17,190","8,096","5,866",150,"44,660","102,028","95,127","1,164","35,753","25,882",13.7603399
2021-01-12,"3,039,217","201,580","6,475","1,275","1,952","3,261","10,176","21,503","29,043","27,363","17,486","8,241","5,990",152,"45,324","103,723","96,648","1,209","36,302","14,636",14.3742255
2021-01-13,"3,082,095","204,175","6,809","1,280","2,005","2,595","10,380","21,791","29,383","27,714","17,719","8,357","6,075",156,"45,855","105,042","97,908","1,225","36,745","42,878",13.64392118
2021-01-14,"3,112,946","206,870","7,146","1,288","2,037","2,695","10,540","22,138","29,750","28,088","17,970","8,496","6,205",159,"46,386","106,449","99,173","1,248","37,138","30,851",13.1709376
2021-01-15,"3,140,421","209,897","7,295","1,294","2,065","3,027","10,732","22,467","30,207","28,500","18,224","8,628","6,326",163,"47,041","108,003","100,626","1,268","37,609","27,475",12.6288351
2021-01-16,"3,165,263","211,787","7,399","1,297","2,103","1,890","10,865","22,665","30,462","28,764","18,406","8,703","6,396",166,"47,442","108,938","101,531","1,318","37,918","24,842",11.8323087
2021-01-17,"3,182,236","214,337","8,174","1,306","2,103","2,550","11,053","23,026","30,815","29,144","18,618","8,804","6,463",166,"47,921","110,257","102,746","1,334","38,327","16,973",11.7305739
2021-01-18,"3,194,911","216,835","8,484","1,314","2,109","2,498","11,196","23,330","31,185","29,469","18,828","8,916","6,548",166,"48,465","111,521","103,956","1,358","38,732","12,675",12.1296684
2021-01-19,"3,213,270","218,555","8,583","1,319","2,174","1,720","11,279","23,515","31,431","29,705","18,970","8,985","6,625",165,"48,851","112,404","104,787","1,364","39,029","18,359",11.811259
2021-01-20,"3,221,905","219,731","8,605","1,323","2,222","1,176","11,352","23,626","31,581","29,868","19,106","9,092","6,703",166,"49,025","113,012","105,324","1,395","39,212","8,635",11.8906349
2021-01-21,"3,271,467","222,578","8,673","1,329","2,301","2,847","11,480","23,923","32,005","30,263","19,374","9,221","6,791",167,"49,657","114,498","106,655","1,425","39,697","49,562",10.7053684
2021-01-22,"3,298,182","225,558","8,784","1,343","2,344","2,980","11,694","24,273","32,407","30,695","19,669","9,373","6,922",167,"50,228","116,052","108,080","1,426","40,130","26,715",10.5960303
2021-01-23,"3,324,104","227,195","8,841","1,347","2,375","1,637","11,828","24,480","32,622","30,921","19,810","9,437","6,974",165,"50,551","116,888","108,880","1,427","40,407","25,922",10.2778845
2021-01-24,"3,338,677","228,632","8,875","1,357","2,375","1,437","11,920","24,658","32,825","31,143","19,943","9,474","7,032",166,"50,833","117,615","109,582","1,435","40,647","14,573",10.1852716
2021-01-25,"3,354,311","230,066","9,594","1,380","2,421","1,434","12,015","24,809","33,033","31,331","20,097","9,519","7,085",167,"51,142","118,320","110,304","1,442","40,868","15,634",10.1852716
2021-01-26,"3,370,561","231,481","9,669","1,387","2,465","1,415","12,110","24,971","33,214","31,523","20,218","9,578","7,133",168,"51,458","119,022","111,009","1,450","41,108","16,250",9.02415616
2021-01-27,"3,392,793","232,970","9,725","1,395","2,534","1,489","12,196","25,165","33,417","31,726","20,363","9,638","7,184",165,"51,796","119,799","111,713","1,458","41,320","22,162",9.02415616
2021-01-28,"3,421,318","234,640","9,785","1,401","2,571","1,670","12,305","25,338","33,618","31,965","20,538","9,724","7,260",166,"52,126","120,607","112,560","1,473","41,600","28,595",9.00535716
2021-01-29,"3,445,175","236,768","9,834","1,410","2,603","2,128","12,440","25,582","33,903","32,232","20,719","9,816","7,311",171,"52,640","121,661","113,622","1,485","41,954","23,857",8.8172756
2021-01-30,"3,464,165","238,042","9,875","1,414","2,619","1,274","12,509","25,729","34,066","32,374","20,846","9,883","7,390",170,"52,884","122,274","114,215","1,553","42,191","18,990",9.02415616
2021-01-31,"3,475,192","239,142","10,217","1,460","2,619","1,082","12,590","25,870","34,197","32,515","20,940","9,930","7,429",170,"53,095","122,832","114,756","1,536","42,388","11,027",8.4609976
2021-02-01,"3,485,147","240,050","10,255","1,464","2,629",926,"12,657","25,977","34,320","32,635","21,030","9,972","7,560",74,"53,284","123,309","115,209","1,532","42,541","9,955",7.9986632
2021-02-02,"3,504,941","241,018","10,382","1,468","2,683",968,"12,722","26,110","34,457","32,761","21,127","10,016","7,494",172,"53,459","123,841","115,641","1,536","42,700","19,794",7.70148557
2021-02-03,"3,526,535","242,616","10,459","1,477","2,738","1,598","12,837","26,321","34,684","32,975","21,269","10,081","7,544",173,"53,754","124,608","116,380","1,628","42,978","21,594",7.51239208
2021-02-04,"3,549,794","244,069","10,517","1,488","2,777","1,453","12,946","26,500","34,886","33,145","21,402","10,154","7,617",175,"54,042","125,351","117,051","1,667","43,202","23,259",7.72149306
2021-02-05,"3,574,073","245,334","10,601","1,497","2,812","1,265","13,039","26,666","35,038","33,318","21,520","10,208","7,658",178,"54,287","125,983","117,651","1,700","43,422","24,279",7.1680483
2021-02-06,"3,593,992","246,564","10,639","1,501","2,821","1,230","13,132","26,819","35,199","33,490","21,639","10,274","7,697",180,"54,530","126,572","118,248","1,744","43,604","19,919",7.1766807
2021-02-07,"3,604,515","247,462","10,765","1,511","2,821",698,"13,170","26,902","35,285","33,597","21,713","10,302","7,737",182,"54,656","126,935","118,547","1,780","43,718","10,523",7.008027
2021-02-08,"3,616,885","248,051","10,868","1,520","2,853",789,"13,225","26,990","35,390","33,700","21,790","10,334","7,764",182,"54,809","127,360","118,916","1,775","43,867","12,370",6.8494977
2021-02-09,"3,636,346","248,861","11,011","1,529","2,904",810,"13,289","27,081","35,501","33,822","21,863","10,371","7,789",183,"54,951","127,748","119,319","1,794","44,011","19,461",6.53912
2021-02-10,"3,657,702","249,974","11,193","1,532","2,955","1,113","13,360","27,225","35,648","33,973","21,960","10,418","7,830",186,"55,172","128,310","119,832","1,832","44,202","21,356",6.4171123
2021-02-11,"3,678,235","250,791","11,372","1,539","2,979",817,"13,409","27,328","35,780","34,076","22,012","10,445","7,860",184,"55,330","128,707","120,219","1,865","44,367","20,533",6.28646605
2021-02-12,"3,678,235","251,682","11,444","1,538","3,009",891,"13,474","27,464","35,886","34,184","22,094","10,486","7,893",184,"55,498","129,126","120,681","1,875","44,519","20,533",5.9351409
2021-02-13,"3,710,158","252,250","11,471","1,542","3,037",568,"13,505","27,534","35,969","34,249","22,146","10,516","7,927",185,"55,621","129,408","120,956","1,886","44,598","13,700",5.775774
2021-02-14,"3,720,260","252,943","12,144","1,550","3,037",693,"13,552","27,615","36,060","34,352","22,220","10,551","7,939",183,"55,758","129,746","121,294","1,903","44,713","10,102",5.6388431
2021-02-15,"3,729,385","253,641","12,162","1,555","3,042",698,"13,587","27,717","36,154","34,438","22,289","10,571","7,961",185,"55,906","130,072","121,648","1,921","44,833","9,125",5.775774
2021-02-16,"3,729,385","254,180","12,286","1,556","3,099",539,"13,617","27,799","36,234","34,504","22,338","10,587","7,970",188,"56,023","130,339","121,915","1,926","44,920","9,125",5.5252608
2021-02-17,"3,763,001","254,990","12,381","1,554","3,135",810,"13,671","27,891","36,342","34,609","22,401","10,625","7,999",190,"56,183","130,735","122,305","1,950","45,079","19,845",5.5252608
2021-02-18,"3,777,823","255,802","12,467","1,552","3,169",812,"13,715","27,986","36,463","34,707","22,480","10,654","8,024",190,"56,362","13,134","122,700","1,968","45,221","14,822",5.14539817
2021-02-19,"3,777,823","256,513","12,492","1,557","3,188",711,"13,774","28,065","36,556","43,805","22,554","10,689","8,043",191,"56,515","131,506","123,008","1,999","45,321","14,822",4.9078817
2021-02-20,"3,809,784","257,030","12,509","1,563","3,190",517,"13,810","28,128","36,627","34,865","22,597","10,715","8,051",192,"56,649","131,760","123,246","2,024","45,396","13,767",4.8500408
2021-02-21,"3,819,590","257,351","12,968","1,577","3,189",321,"13,825","28,167","36,680","34,912","22,625","10,720","8,057",192,"56,722","131,910","123,425","2,016","45,451","9,806",4.8500408
2021-02-22,"3,830,490","257,805","13,040","1,578","3,218",454,"13,854","28,226","36,745","34,953","22,678","10,740","8,067",193,"56,831","132,143","123,647","2,015","45,518","10,900",4.56637251
2021-02-22,"3,830,490","257,805","13,040","1,578","3,218",454,"13,854","28,226","36,745","34,953","22,678","10,740","8,067",193,"56,831","132,143","123,647","2,015","45,518","10,900",4.56637251
2021-02-23,"3,845,416","258,463","13,072","1,575","3,230",658,"13,883","28,306","36,833","35,055","22,745","10,763","8,088",191,"56,980","132,463","123,983","2,017","45,619","14,926",4.5927201
2021-02-23,"3,845,416","258,463","13,072","1,575","3,230",658,"13,883","28,306","36,833","35,055","22,745","10,763","8,088",191,"56,980","132,463","123,983","2,017","45,619","14,926",4.5927201
2021-02-24,"3,864,246","258,982","13,095","1,580","3,260",519,"13,917","28,365","36,910","35,111","22,785","10,796","8,102",191,"57,111","132,709","124,245","2,028","45,694","18,830",4.36129832
2021-02-25,"3,864,246","3,880,233","13,107","1,580","3,271",662,"13,961","28,446","37,011","35,185","22,831","10,815","8,121",191,"57,284","133,025","124,574","2,045","45,799","15,987",4.38271666
2021-02-26,"3,893,517","260,094","13,120","1,581","3,284",450,"13,984","28,498","37,076","35,241","22,865","10,832","8,129",191,"57,411","133,229","124,811","2,054","45,867","13,284",4.26877
2021-02-26,"3,923,819","261,001","13,162","1,598","3,317",376,"14,035","28,628","37,182","35,358","22,941","10,854","8,150",190,"57,635","133,681","125,278","2,042","46,028","9,303",0.03785346
2021-02-27,"3,907,336","260,356","13,122","1,580","3,303",262,"14,009","28,547","37,099","35,272","22,880","10,837","8,137",192,"57,474","133,369","124,939","2,048","45,909","13,819",4.1110063
2021-02-28,"3,914,516","260,625","13,123","1,595","3,303",269,"14,015","28,581","37,135","35,303","22,915","10,841","8,137",191,"57,547","133,499","125,081","2,045","45,960","7,180",3.9545754
2021-03-01,"3,923,819","261,001","13,162","1,598","3,317",376,"14,035","28,628","37,182","35,358","22,941","10,854","8,150",190,"57,635","133,681","125,278","2,042","46,028","9,303",0.03785346
2021-03-02,"3,937,112","261,353","13,179","1,599","3,342",353,"14,062","28,648","37,228","35,395","22,967","10,872","8,166",191,"57,701","133,858","125,449","2,046","46,087","13,293",0.03698262
2021-03-03,"3,954,875","261,861","13,215","1,603","3,359",508,"14,099","28,747","37,300","35,465","22,997","10,896","8,186",192,"57,802","134,126","125,682","2,053","46,177","17,763",0.03580996
2021-03-04,"3,968,627","262,360","13,224","1,606","3,371",499,"14,123","28,809","37,380","35,535","23,029","10,928","8,196",193,"57,911","134,340","125,963","2,057","46,256","13,752",3.43703486
2021-03-05,"3,981,573","262,781","13,236","1,608","3,385",421,"14,148","28,863","37,434","35,577","23,064","10,944","8,210",193,"58,012","134,547","126,173","2,061","46,336","12,942",3.37795598
2021-03-06,"3,994,591","262,968","13,240","1,607","3,390",187,"14,167","28,887","37,468","35,607","23,077","10,950","8,214",193,"58,043","134,652","126,259","2,057","46,362","13,018",3.2130818
2021-03-07,"3,994,591","263,275","13,259","1,613","3,390",307,"14,190","28,921","37,524","35,645","23,098","10,957","8,212",193,"58,113","134,799","126,421","2,055","46,422","13,018",3.20613083
2021-03-08,"4,016,127","263,748","13,282","1,615","3,405",421,"14,208","28,961","37,574","35,726","23,135","10,970","8,224",194,"58,246","134,993","126,647","2,108","46,510","11,766",3.2014092
2021-03-09,"4,029,513","264,097","13,282","1,614","3,413",349,"14,229","28,994","37,624","35,766","23,158","10,978","8,229",194,"58,343","135,154","126,840","2,103","46,582","13,386",3.0603432
2021-03-10,"4,045,717","264,527","13,306","1,618","3,422",430,"14,248","29,036","37,693","35,802","23,199","11,005","8,235",194,"58,442","135,370","127,054","2,103","46,673","16,204",3.05558464
2021-03-11,"4,058,624","264,889","13,327","1,621","3,434",430,"14,263","29,078","37,753","35,848","23,277","11,020","8,241",193,"58,529","135,552","127,233","2,104","46,737","12,907",2.94017075
2021-03-12,"4,070,057","265,273","13,334","1,622","3,444",430,"14,285","29,129","37,806","35,907","23,258","11,039","8,245",193,"58,616","135,738","127,430","2,105","46,795","11,433",2.9336128
2021-03-13,"4,080,406","265,471","13,342","1,626","3,452",198,"14,294","29,150","37,844","35,922","23,267","11,052","8,244",192,"58,663","135,845","127,521","2,105","46,843","10,349",2.955452
2021-03-14,"4,089,065","265,649","13,343","1,627","3,452",178,"14,303","29,166","37,866","35,945","23,288","11,062","8,243",192,"58,698","135,928","127,621","2,100","46,886","8,659",2.955452
2021-03-15,"4,097,855","265,906","13,365","1,627","3,462",257,"14,313","29,203","37,905","35,980","23,312","11,070","8,251",192,"58,745","136,055","127,750","2,101","46,935","8,790",2.8183824
2021-03-16,"4,111,091","266,317","13,371","1,626","3,470",411,"14,336","29,239","37,967","36,018","23,341","11,079","8,262",193,"58,850","136,227","127,985","2,105","47,032","13,236",2.8532179
2021-03-17,"4,127,020","266,756","13,371","1,626","3,478",439,"14,365","29,301","38,023","36,076","23,371","11,094","8,261",193,"58,958","136,444","128,217","2,095","47,114","15,929",2.84353307
2021-03-18,"4,138,812","267,177","13,411","1,628","3,491",421,"14,386","29,360","38,074","36,137","23,403","11,101","8,273",195,"59,051","136,648","128,453","2,076","47,197","11,792",2.84353307
2021-03-19,"4,152,059","267,536","13,441","1,630","3,492",359,"14,404","29,410","38,124","36,188","23,428","11,111","8,273",197,"59,156","136,811","128,648","2,077","47,245","13,247",2.7890853
2021-03-20,"4,161,844","267,728","13,447","1,630","3,494",192,"14,417","29,433","38,145","36,214","23,446","11,121","8,277",196,"59,199","136,910","128,739","2,079","47,280","9,785",2.8459878
2021-03-21,"4,166,772","267,917","13,943","1,628","3,494",189,"14,430","29,459","38,162","36,233","23,464","11,121","8,280",195,"59,249","137,027","128,814","2,076","47,324","4,928",2.8581808
2021-03-22,"4,178,228","268,160","13,969","1,628","3,498",243,"14,444","29,492","38,191","36,268","23,479","11,127","8,277",194,"59,308","137,133","128,951","2,076","47,380","11,456",2.72175989
2021-03-23,"4,189,510","268,417","14,017","1,630","3,509",257,"14,455","29,516","38,214","36,301","23,491","11,127","8,287",191,"59,394","137,251","129,090","2,076","47,441","11,282",2.7000506
2021-03-24,"4,207,106","268,627","14,023","1,630","3,520",210,"14,460","29,538","38,247","36,316","23,491","11,130","8,283",191,"59,483","137,347","129,210","2,070","47,488","17,596",2.7000506
2021-03-25,"4,220,782","269,049","14,762","1,636","3,525",422,"14,492","29,592","38,295","36,346","23,516","11,137","8,285",192,"59,632","137,515","129,466","2,068","47,562","13,676",2.56539918
2021-03-27,"4,246,035","269,840","14,783","1,640","3,547",205,"14,525","29,658","38,340","36,396","23,540","11,147","8,291",191,"59,751","137,715","129,615","2,070","47,641","13,316",2.4204698
2021-03-28,"4,252,711","269,770","14,827","1,642","3,547",290,"14,538","29,715","38,376","36,427","23,557","11,151","8,294",190,"59,825","137,863","129,828","2,079","47,697","6,676",2.51824059
2021-03-29,"4,261,677","269,997","14,835","1,641","3,555",227,"14,546","29,738","38,420","36,455","23,570","11,155","8,299",189,"59,886","137,964","129,955","2,078","47,739","8,966",2.4972226
2021-03-30,"4,273,404","270,287","14,843","1,640","3,555",290,"14,560","29,781","38,455","36,484","23,587","11,159","8,304",192,"59,971","138,102","130,105","2,080","47,794","11,727",2.4972226
2021-03-31,"4,289,845","270,539","14,855","1,642","3,555",252,"14,578","29,807","38,486","36,513","23,597","11,163","8,307",190,"60,060","138,217","130,244","2,078","47,838","16,441",2.32335329
2021-04-01,"4,308,280","271,035","14,855","1,651","3,568",496,"14,600","29,881","38,549","36,549","23,617","11,169","8,311",188,"60,230","138,444","130,521","2,070","47,941","18,435",2.27653598
2021-04-02,"4,319,587","271,334","14,884","1,653","3,571",299,"14,624","29,916","38,591","36,570","23,637","11,177","8,313",188,"60,324","138,585","130,676","2,073","47,994","11,307",2.26708371
2021-04-03,"4,332,747","271,527","14,888","1,654","3,583",193,"14,634","29,934","38,625","36,593","23,655","11,177","8,318",189,"60,380","138,691","130,670","2,076","48,022","13,160",2.22289837
2021-04-04,"4,338,264","271,654","14,901","1,657","3,583",127,"14,640","29,948","38,641","36,608","23,658","11,181","8,317",190,"60,412","138,738","130,883","2,033","48,059","5,517",2.17911039
2021-04-05,"4,345,259","271,866","14,902","1,659","3,585",212,"14,645","29,981","38,668","36,630","23,669","11,183","8,319",192,"60,471","138,823","131,005","2,038","48,108","6,995",2.2187498
2021-04-06,"4,359,581","272,194","14,938","1,660","3,588",328,"14,657","30,025","38,711","36,669","23,685","11,187","8,332",191,"60,568","138,961","131,192","2,041","48,169","14,322",2.2208372
2021-04-07,"4,376,177","272,494","14,951","1,660","3,592",300,"14,684","30,072","38,748","36,690","23,695","11,191","8,332",190,"60,659","139,098","131,350","2,046","48,233","16,596",2.28720478
2021-04-08,"4,393,371","272,696","14,952","1,664","3,600",202,"14,700","30,099","38,771","36,719","23,708","11,190","8,332",185,"60,714","139,212","131,449","2,035","48,278","17,194",2.11311265
2021-04-09,"4,421,171","273,057","14,980","1,662","3,613",361,"14,717","30,141","38,819","36,756","23,732","11,192","8,333",185,"60,835","139,375","131,651","2,031","48,347","27,800",2.0068771
2021-04-10,"4,431,499","273,286","14,981","1,661","3,621",229,"14,736","30,177","38,843","36,781","23,785","11,196","8,336",186,"60,890","139,519","131,735","2,032","48,396","10,328",2.0521503
2021-04-11,"4,438,866","273,430","14,995","1,664","3,621",144,"14,755","30,201","38,862","36,793","23,753","11,197","8,339",185,"60,917","139,599","131,833","1,998","48,428","7,367",1.96610351
2021-04-12,"4,451,270","273,708","15,024","1,665","3,623",278,"14,772","30,246","38,899","36,812","23,763","11,201","8,334",185,"60,998","139,733","131,973","2,002","48,488","12,404",1.9573507
2021-04-13,"4,467,567","273,968","15,033","1,666","3,648",260,"14,793","30,274","38,936","36,840","23,776","11,202","8,346",184,"61,056","139,846","132,117","2,005","48,561","16,297",1.89582979
2021-04-14,"4,485,509","274,249","15,047","1,667","3,653",281,"14,810","30,303","38,977","36,876","23,789","11,208","8,347",184,"61,131","139,983","132,264","2,002","48,624","17,942",1.89610761
2021-04-15,"4,503,547","274,566","15,104","1,673","3,662",317,"14,842","30,345","39,011","36,899","23,803","11,215","8,352",179,"61,223","140,153","132,424","1,989","48,697","18,038",1.80829326
2021-04-16,"4,515,761","274,811","15,128","1,675","3,674",245,"14,868","30,369","39,040","36,922","23,815","11,220","8,357",178,"61,298","140,286","132,534","1,991","48,744","12,214",1.77240613
2021-04-17,"4,525,995","274,960","15,139","1,676","3,673",149,"14,881","30,382","39,062","36,942","23,821","11,227","8,359",178,"61,337","140,358","132,613","1,989","48,771","10,234",1.77647375
2021-04-18,"4,532,977","275,112","15,144","1,676","3,674",152,"14,891","30,410","39,082","36,960","23,829","11,227","8,359",180,"61,370","140,437","132,691","1,984","48,804","6,982",1.77594716
2021-04-19,"4,540,724","275,368","15,171","1,676","3,674",256,"14,902","30,432","39,128","36,944","23,846","11,232","8,360",179,"61,429","140,569","132,816","1,983","48,866","7,747",1.791625
2021-04-20,"4,557,671","275,631","15,186","1,676","3,681",263,"14,917","30,464","39,164","37,020","23,854","11,233","8,367",178,"61,505","140,678","132,970","1,983","48,929","16,947",1.73506992
2021-04-21,"4,575,097","275,912","15,214","1,678","3,684",281,"14,941","30,505","39,196","37,057","23,875","11,237","8,370",177,"61,576","140,792","133,136","1,984","48,978","17,425",1.71828734
2021-04-22,"4,589,804","275,096","15,137","1,670","3,684",329,"14,946","30,448","39,079","36,923","23,733","11,168","8,308",174,"61,472","140,388","132,763","1,945","48,845","14,708",1.8046866
2021-04-23,"4,602,601","275,251","15,160","1,670","3,688",155,"14,957","30,475","39,092","36,933","23,745","11,174","8,308",175,"61,514","140,451","132,852","1,948","48,878","12,797",1.8403792
2021-04-24,"4,615,950","275,411","15,162","1,670","3,692",160,"14,968","30,500","39,121","36,944","23,760","11,174","8,312",175,"61,556","140,529","132,934","1,948","48,901","13,349",1.77282855
2021-04-25,"4,623,687","275,540","15,164","1,673","3,692",129,"14,982","30,509","39,137","36,949","23,768","11,177","8,313",174,"61,598","140,585","133,013","1,942","48,933","7,737",1.7611635
2021-04-26,"4,630,877","275,684","15,174","1,673","3,692",144,"14,991","30,534","39,161","36,977","23,776","11,182","8,314",173,"61,623","140,644","133,078","1,942","48,953","7,190",1.7376828
2021-04-27,"4,653,928","275,820","15,187","1,673","3,698",136,"14,996","30,561","39,189","36,988","23,784","11,186","8,315",173,"61,658","140,731","133,147","1,942","48,970","23,051",1.60816909
2021-04-28,"4,670,695","275,960","15,195","1,677","3,700",140,"15,010","30,593","39,202","37,003","23,792","11,193","8,319",173,"61,688","140,800","133,219","1,941","48,987","16,767",1.5422332
2021-04-29,"4,687,592","276,156","15,231","1,683","3,702",196,"15,024","30,624","39,229","37,025","23,795","11,197","8,320",172,"61,735","140,909","133,309","1,938","49,035","16,897",1.4860496
2021-04-30,"4,701,579","276,366","15,239","1,682","3,706",210,"15,044","30,656","39,262","37,047","23,801","11,205","8,328",172,"61,779","141,012","133,415","1,939","49,072","13,987",1.4530347
2021-05-01,"4,710,603","276,520","15,248","1,682","3,712",154,"15,057","30,685","39,286","37,062","23,811","11,207","8,329",172,"61,813","141,078","133,485","1,957","49,098","9,024",1.46526694
2021-05-02,"4,717,275","276,692","15,257","1,683","3,712",172,"15,063","30,712","39,315","37,085","23,824","11,215","8,328",172,"61,845","141,175","133,573","1,944","49,133","6,672",1.47858359
2021-05-03,"4,723,699","276,878","15,264","1,684","3,713",186,"15,075","30,721","39,331","37,114","23,835","11,217","8,332",172,"61,910","141,175","133,573","2,130","49,171","6,424",1.4510179
2021-05-04,"4,741,062","277,097","15,264","1,684","3,713",219,"15,085","30,751","39,366","37,138","23,842","11,219","8,337",172,"61,988","141,354","133,798","1,945","49,199","17,363",1.42373399
2021-05-05,"4,756,474","277,323","15,283","1,685","3,716",226,"15,113","30,776","39,391","37,158","23,850","11,226","8,341",172,"62,050","141,454","133,919","1,950","49,246","15,412",1.4092117
2021-05-06,"4,771,338","277,533","15,293","1,687","3,718",210,"15,127","30,804","39,423","37,176","23,860","11,227","8,344",171,"62,110","141,557","134,030","1,946","49,291","14,864",1.3424482
2021-05-07,"4,782,603","277,759","15,313","1,691","3,725",226,"15,144","30,837","39,459","37,194","23,870","11,230","8,347",171,"62,168","141,658","134,153","1,948","49,339","11,265",1.3933179
2021-05-08,"4,791,806","277,949","15,319","1,691","3,725",190,"15,157","30,865","39,490","37,214","23,881","11,234","8,349",171,"62,210","141,759","134,242","1,948","49,378","9,203",1.44322627
2021-05-09,"4,797,212","278,182","15,327","1,691","3,725",233,"15,168","30,890","39,526","37,238","23,903","11,239","8,354",171,"62,263","141,862","134,372","1,948","49,430","5,406",1.52254718
2021-05-10,"4,807,332","278,307","15,331","1,692","3,725",125,"15,169","30,909","39,543","37,254","23,914","11,247","8,355",171,"62,296","141,919","134,437","1,951","49,449","10,120",1.486498
2021-05-11,"4,820,025","278,401","15,333","1,691","3,729",94,"15,177","30,927","39,553","37,259","23,918","11,250","8,355",171,"62,328","141,964","134,485","1,952","49,463","12,693",1.55391127
2021-05-12,"4,835,774","278,591","15,340","1,690","3,729",190,"15,196","30,959","39,573","37,282","23,929","11,253","8,360",171,"62,374","142,068","134,568","1,955","49,494","15,749",1.5937824
2021-05-13,"4,850,532","278,852","15,342","1,691","3,732",261,"15,217","30,997","39,617","37,304","23,946","11,267","8,358",171,"62,441","142,198","134,694","1,960","49,534","14,758",1.6545968
2021-05-14,"4,863,637","278,990","15,345","1,692","3,737",138,"15,231","31,020","39,635","37,318","23,951","11,270","8,361",171,"62,465","142,266","134,765","1,959","49,568","13,105",1.6191734
2021-05-15,"4,872,157","279,098","15,348","1,693","3,742",108,"15,238","31,034","39,650","37,328","23,961","11,274","8,363",171,"62,494","142,319","134,819","1,960","49,585","8,520",1.59575126
2021-05-16,"4,878,607","279,145","15,351","1,696","3,742",47,"15,253","31,043","39,655","37,326","23,965","11,276","8,362",171,"62,502","142,337","134,848","1,960","49,592","6,450",1.52046711
2021-05-17,"4,886,295","279,253","15,355","1,696","3,742",108,"15,266","31,055","39,669","37,339","23,972","11,281","8,364",171,"62,526","142,398","134,897","1,958","49,610","7,688",1.4606755
2021-05-18,"4,898,859","279,344","15,382","1,698","3,746",91,"15,279","31,073","39,676","37,344","23,975","11,284","8,365",171,"62,546","142,453","134,931","1,960","49,631","12,564",1.42398144
2021-05-19,"4,913,721","279,489","15,384","1,700","3,749",145,"15,289","31,094","39,694","37,364","23,984","11,289","8,366",171,"62,576","142,530","134,996","1,963","49,662","14,862",1.37745076
2021-05-20,"4,926,115","279,553","15,382","1,700","3,748",64,"15,303","31,107","39,695","37,366","23,985","11,289","8,372",171,"62,588","142,575","135,017","1,961","49,677","12,394",1.30510347
2021-05-21,"4,939,573","279,613","15,382","1,700","3,751",60,"15,324","31,111","39,699","37,361","23,986","11,286","8,368",171,"62,608","142,597","135,056","1,960","49,699","13,458",1.1811174
2021-05-22,"4,946,259","279,689","15,386","1,699","3,751",76,"15,328","31,127","39,708","37,368","23,991","11,289","8,368",171,"62,626","142,639","135,090","1,960","49,713","6,686",1.12655629
2021-05-23,"4,952,244","279,714","15,382","1,700","3,749",25,"15,333","31,138","39,709","37,365","23,990","11,288","8,365",171,"62,630","142,658","135,096","1,960","49,725","5,985",0.98818308
2021-05-24,"4,960,011","279,785","15,385","1,702","3,753",71,"15,337","31,148","39,715","37,369","23,989","11,292","8,368",171,"62,649","142,701","135,124","1,960","49,747","7,767",0.9680441
2021-05-25,"4,972,307","279,858","15,387","1,703","3,755",73,"15,345","31,162","39,723","37,380","23,990","11,294","8,370",171,"62,664","142,743","135,155","1,960","49,759","12,296",0.95677756
2021-05-26,"4,985,872","279,959","15,391","1,703","3,756",101,"15,360","31,170","39,732","37,391","23,998","11,294","8,373",171,"62,689","142,790","135,209","1,960","49,781","13,565",0.91140455
2021-05-27,"4,998,516","280,042","15,397","1,704","3,756",83,"15,371","31,182","39,738","37,404","24,001","11,297","8,374",171,"62,709","142,842","135,243","1,957","49,795","12,644",0.804141
2021-05-28,"5,008,709","280,150","15,402","1,705","3,756",108,"15,380","31,192","39,752","37,420","24,010","11,299","8,380",171,"62,738","142,898","135,296","1,956","49,808","10,193",0.799603
2021-05-29,"5,015,783","280,208","15,406","1,706","3,756",58,"15,387","31,196","39,759","37,427","24,013","11,300","8,380",171,"62,753","142,926","135,327","1,955","49,822","7,074",0.77284057
2021-05-30,"5,021,666","280,253","15,409","1,707","3,756",45,"15,394","31,203","39,762","37,431","24,016","11,301","8,379",171,"62,760","142,946","135,352","1,955","49,836","5,883",0.7745056
2021-05-31,"5,026,899","280,304","15,412","1,706","3,756",51,"15,398","31,212","39,765","37,435","24,018","11,303","8,378",171,"62,779","142,972","135,378","1,954","49,845","5,233",0.7474894
2021-06-01,"5,033,204","280,346","15,412","1,706","3,760",42,"15,402","31,218","39,771","37,436","24,021","11,304","8,381",171,"62,787","142,991","135,401","19,564","49,855","6,305",0.74584093
2021-06-02,"5,046,527","280,429","15,412","1,707","3,761",83,"15,415","31,229","39,776","37,444","24,024","11,304","8,383",170,"62,810","1,423,027","135,448","1,954","49,874","13,323",0.70779935
2021-06-03,"5,063,964","280,555","15,434","1,707","3,763",126,"15,428","31,255","39,788","37,456","24,035","11,314","8,389",168,"62,828","143,108","135,500","1,947","49,894","17,437",0.7268823
2021-06-04,"5,074,589","280,675","15,438","1,709","3,764",120,"15,439","31,273","39,807","37,474","24,044","11,319","8,389",168,"62,850","143,166","135,561","1,948","49,912","10,625",0.7865734
2021-06-05,"5,082,967","280,742","15,441","1,710","3,764",67,"15,441","31,279","39,815","37,480","24,047","11,322","8,389",168,"62,876","143,197","135,597","1,948","49,925","8,378",0.77025484
2021-06-06,"5,088,865","280,807","15,441","1,711","3,764",65,"15,443","31,288","39,824","37,489","24,048","11,327","8,393",168,"62,888","143,225","135,631","1,951","49,939","5,898",0.80002342
2021-06-07,"5,095,536","280,878","15,447","1,711","3,764",71,"15,444","31,298","39,833","37,495","24,054","11,327","8,403",166,"62,907","143,262","135,670","1,946","49,951","6,671",0.8064933
2021-06-08,"5,106,921","280,940","15,450","1,711","3,765",62,"15,448","31,311","39,836","37,499","24,060","11,330","8,404",166,"62,919","143,294","135,699","1,947","49,967","11,385",0.8037797
2021-06-09,"5,117,664","281,051","15,456","1,711","3,766",111,"15,456","31,327","39,849","37,514","24,060","11,333","8,407",166,"62,958","143,362","135,740","1,949","49,981","10,743",0.82857836
2021-06-10,"5,127,809","281,143","15,460","1,712","3,768",92,"15,464","31,336","39,862","37,517","24,066","11,336","8,409",166,"62,994","143,414","135,780","1,949","49,993","10,145",0.8515542
2021-06-11,"5,138,443","281,202","15,461","1,712","3,770",59,"15,466","31,342","39,869","37,519","24,070","11,338","8,409",166,"63,021","143,438","135,816","1,948","50,002","10,634",0.81089
2021-06-12,"5,146,257","281,267","15,469","1,712","3,770",65,"15,469","31,355","39,875","37,526","24,073","11,338","8,410",166,"63,041","143,464","135,855","1,948","50,014","7,814",0.81165596
2021-06-13,"5,151,848","281,313","15,467","1,712","3,770",46,"15,472","31,359","39,884","37,535","24,077","11,339","8,410",166,"63,053","143,489","135,875","1,949","50,018","5,591",0.81424467
2021-06-14,"5,159,453","281,374","15,476","1,712","3,770",61,"15,475","31,364","39,892","37,544","24,079","11,340","8,412",166,"63,069","143,527","135,898","1,949","50,033","7,605",0.8072182
2021-06-15,"5,168,174","281,422","15,477","1,712","3,770",48,"15,482","31,370","39,904","37,546","24,079","11,342","8,414",166,"63,076","143,548","135,924","1,950","50,043","8,721",0.79721419
2021-06-16,"5,179,329","281,530","15,487","1,715","3,771",108,"15,493","31,379","39,910","37,560","24,083","11,348","8,414",166,"63,116","143,605","135,975","1,950","50,061","11,155",0.82905378
2021-06-17,"5,188,680","281,607","15,496","1,717","3,771",77,"15,498","31,391","39,925","37,569","24,084","11,351","8,414",166,"63,132","143,642","136,016","1,949","50,077","9,351",0.8435165
2021-06-18,"5,196,690","281,681","15,499","1,717","3,771",74,"15,507","31,395","39,939","37,570","24,088","11,352","8,414",166,"63,160","143,674","136,058","1,949","50,090","8,010",0.8239081
2021-06-19,"5,203,453","281,749","15,501","1,717","3,771",68,"15,510","31,401","39,949","37,578","24,092","11,355","8,415",166,"63,175","143,708","136,091","1,950","50,108","6,763",0.83578175
2021-06-20,"5,209,543","281,810","15,507","1,717","3,771",61,"15,513","31,405","39,956","37,585","24,096","11,359","8,416",166,"63,194","143,736","136,124","1,950","50,120","6,090",0.8311374
2021-06-21,"5,215,794","281,866","15,513","1,717","3,771",56,"15,515","31,417","39,961","37,595","24,100","11,358","8,416",166,"63,207","143,763","136,153","1,950","50,131","6,251",0.821567
2021-06-22,"5,223,738","281,936","15,515","1,717","3,777",70,"15,518","31,431","39,971","37,603","24,109","11,359","8,416",166,"63,221","143,797","136,189","1,950","50,142","7,944",0.85261563
2021-06-23,"5,233,245","282,052","15,516","1,717","3,778",116,"15,524","31,454","39,982","37,618","24,115","11,362","8,418",166,"63,251","143,861","136,240","1,951","50,162","9,507",0.8660593
2021-06-24,"5,241,236","282,156","15,522","1,717","3,779",104,"15,527","31,464","39,997","37,633","24,121","11,362","8,419",165,"63,280","143,909","136,300","1,947","50,188","7,991",0.8930854
2021-06-25,"5,248,376","282,262","15,530","1,717","3,780",106,"15,541","31,479","40,005","37,645","24,127","11,365","8,422",165,"63,303","143,954","136,361","1,947","50,210","7,132",0.9642237
2021-06-26,"5,254,876","282,358","15,537","1,719","3,780",96,"15,550","31,487","40,016","37,664","24,136","11,369","8,423",166,"63,321","143,998","136,412","1,948","50,226","6,500",1.00428322
2021-06-27,"5,260,170","282,416","15,533","1,720","3,780",58,"15,557","31,495","40,026","37,666","24,137","11,370","8,422",166,"63,334","144,042","136,427","1,947","50,234","5,294",1.01826037
2021-06-28,"5,265,765","282,498","15,536","1,721","3,780",82,"15,561","31,508","40,036","37,675","24,142","11,374","8,423",166,"63,358","144,074","136,477","1,947","50,255","5,595",1.057265
2021-06-29,"5,272,872","282,582","15,536","1,721","3,780",84,"15,572","31,517","40,040","37,684","24,148","11,374","8,426",165,"63,387","144,122","136,513","1,947","50,269","7,107",1.10794858
2021-07-06,"5,316,152","283,376","15,577","1,717","3,782",99,"15,625","31,594","40,140","37,774","24,209","11,402","8,444",166,"63,588","144,534","136,892","1,950","50,434","3,621",1.54738459
2021-07-13,"5,366,421","285,268","15,623","1,710","3,786",272,"15,752","31,786","40,367","37,942","24,317","11,446","8,461",163,"64,178","145,460","137,859","1,949","50,856","7,097",2.86801569
2021-07-20,"5,422,365","288,681","15,700","1,714","3,787",521,"16,011","32,186","40,830","38,242","24,506","11,531","8,496",163,"65,164","147,260","139,463","1,958","51,552","7,895",5.05022926
2021-07-27,"5,492,269","294,176","15,809","1,726","3,798",765,"16,507","32,808","41,584","38,739","24,825","11,676","8,568",163,"66,605","149,957","142,232","1,987","52,701","10,090",7.14830589
2021-08-03,"5,581,620","301,100","15,913","1,729","3,805",908,"17,129","33,661","42,521","39,367","25,243","11,861","8,663",164,"68,333","153,495","145,558","2,047","54,158","11,748",7.82330225
2021-08-10,"5,689,734","309,406","16,161","1,738","3,818","1,134","17,784","34,701","43,655","40,285","25,782","12,131","8,819",166,"70,323","157,647","149,643","2,116","55,760","12,103",7.79581192
2021-08-17,"5,810,844","318,152","16,283","1,748","3,834","1,117","18,615","35,806","44,851","41,222","26,374","12,414","8,970",175,"72,222","162,015","153,950","2,187","57,503","16,329",7.52320874
2021-08-24,"5,933,534","327,166","16,585","1,762","3,859","1,327","19,482","36,960","46,101","42,197","27,055","12,710","9,117",175,"74,173","166,440","158,418","2,308","59,196","16,915",7.27850697
2021-08-31,"6,070,392","335,302","16,832","1,772","3,908",949,"20,318","38,171","47,173","43,073","27,701","12,974","9,243",184,"75,777","170,423","162,481","2,398","60,688","17,204",6.62574938
2021-09-07,"6,194,205","341,437","17,014","1,791","3,926",738,"21,035","39,127","47,962","43,718","28,124","13,206","9,366",181,"76,883","173,490","165,492","2,455","61,835","16,451",5.53379547
2021-09-14,"6,330,999","346,934","17,355","1,815","3,983",742,"21,660","39,990","48,693","44,296","28,537","13,392","9,461",185,"77,877","176,219","168,181","2,534","62,843","17,728",4.51446047
2021-09-21,"6,439,586","351,134","17,473","1,822","4,027",851,"22,131","40,554","49,294","44,780","28,858","13,534","9,537",188,"78,645","178,302","170,287","2,545","63,613","23,238",3.96281701
2021-09-28,"6,590,496","355,872","17,634","1,831","4,066",515,"22,589","41,187","49,985","45,288","29,267","13,702","9,641",189,"79,474","180,636","172,654","2,582","64,550","25,017",3.3961857
2021-10-05,"6,766,498","359,537","17,729","1,839","4,104",387,"23,018","41,651","50,493","45,681","29,558","13,852","9,701",192,"80,141","182,511","174,413","2,613","65,250","22,455",2.53615652
2021-10-12,"6,894,080","362,618","17,849","1,844","4,141",333,"23,419","42,110","50,909","46,019","29,843","13,972","9,746",192,"80,582","184,009","175,987","2,622","65,826","15,149",2.26362391
2021-10-19,"7,025,970","365,670","17,965","1,857","4,178",441,"23,844","42,608","51,321","46,366","30,077","14,071","9,812",195,"80,995","185,543","177,469","2,658","66,381","16,255",2.44573596
2021-10-26,"7,176,940","369,361","18,094","1,870","4,207",549,"24,307","43,129","51,880","46,779","30,396","14,208","9,904",191,"81,533","187,399","179,282","2,680","67,034","19,703",2.40260199
2021-11-02,"7,302,888","372,709","18,174","1,878","4,241",499,"24,720","43,535","52,357","47,149","30,681","14,335","9,966",181,"82,142","189,040","180,981","2,688","67,643","17,853",2.54588001
2021-11-09,"7,432,499","376,114","18,279","1,889","4,272",447,"25,163","44,036","52,888","47,530","30,930","14,444","10,006",166,"82,700","190,777","182,627","2,710","68,251","15,965",2.65692071
2021-11-16,"7,547,530","379,251","18,403","1,897","4,301",342,"25,538","44,460","53,348","47,865","31,192","14,549","10,054",165,"83,261","192,346","184,170","2,735","68,819","15,079",2.67656412
2021-11-23,"7,671,075","382,450","18,501","1,903","4,325",403,"25,934","44,874","53,812","48,225","31,444","14,660","10,108",165,"83,797","193,930","185,775","2,745","69,431","16,209",2.64653611
2021-11-30,"7,762,531","385,396","18,599","1,910","4,346",622,"26,245","45,257","54,259","48,579","31,670","14,774","10,173",163,"84,268","195,392","187,246","2,758","70,008","20,172",2.86138204
2021-12-07,"7,912,248","390,947","18,729","1,926","4,369",562,"26,948","46,107","55,077","49,218","32,068","14,946","10,275",165,"85,134","198,228","189,925","2,794","71,009","18,673",3.47178167
2021-12-14,"8,056,746","395,723","18,866","1,938","4,395",646,"27,511","46,797","55,704","49,773","32,403","15,107","10,349",163,"85,930","200,648","192,244","2,831","71,986","21,767",3.44543956
2021-12-21,"8,195,818","403,358","18,982","1,942","4,434","1,856","28,232","47,659","56,693","50,518","32,871","15,287","10,431",171,"87,886","204,565","195,905","2,888","73,610","25,714",4.31145749
2021-12-28,"8,356,092","420,089","19,058","1,949","4,461","3,653","29,419","49,596","58,976","52,175","33,757","15,635","10,587",180,"92,688","213,347","203,705","3,037","77,076","28,472",8.0722642
2022-01-04,"8,537,256","465,607","19,288","1,951","4,495","8,204","33,281","55,471","65,813","57,229","36,575","16,748","11,148",218,"103,234","237,711","224,487","3,409","85,890","24,730",18.06306874
2022-01-11,"8,851,351","550,639","19,565","1,970","4,529","14,734","41,411","67,476","77,961","66,017","41,574","18,783","12,219",271,"123,101","282,774","263,446","4,419","101,826","46,885",26.38543951
2022-01-18,"9,123,952","613,632","19,987","1,977","4,553","9,382","49,223","77,299","86,807","73,082","45,806","20,604","13,253",464,"134,299","315,785","292,681","5,166","112,795","41,506",26.38674884
2022-01-25,"9,349,486","675,250","20,503","1,994","4,622","6,108","56,927","86,665","95,525","80,033","50,140","22,434","14,252",666,"144,630","347,969","321,547","5,734","123,978","25,426",24.68066493
2022-02-01,"9,599,213","702,789","20,802","2,016","4,735","2,925","60,616","90,969","99,230","83,074","52,316","23,452","14,836",712,"149,006","362,349","334,355","6,085","128,578","16,768",18.60582056
